LineCode,LineText,OriginalText,Comment,Speaker,StoryNode
line:e1d917,"<sprite tint=1 name=""LeftArrow""> Weißküstenpfad","<sprite tint=1 name=""LeftArrow""> White Coast Trail",,Original,HomeSignStart
line:8e78cb,"Rangerhütte <sprite name=""RightArrow"" tint=1>","Rangers Cabin <sprite name=""RightArrow"" tint=1>",,Original,HomeSignStart
line:2a55e5,"entschuldige, hast du die Uhrzeit?",excuse me do you have the time?,,Original,GoatStart
line:b03acc,"ähm, lass mich mal nachse-","um yeah, let me chec-",,Player,GoatStart
line:445422,na ja... normalerweise weiß ich das schon,see... normally i would know the time,,Original,GoatStart
line:e86981,ich hab meine Uhr verloren,i just lost my watch,,Original,GoatStart
line:b74c71,"oh, ähm","oh, um",,Player,GoatStart
line:78b6fa,sorry,sorry,,Player,GoatStart
line:a60085,sie war echt teuer,it was very expensive,,Original,GoatStart
line:ba52fa,"und unbezahlbar, wenn man an\nden ideellen Wert denkt",and priceless when you\nconsider the sentimental value,,Original,GoatStart
line:3407a1,achso,i see,,Player,GoatStart
line:0d0268,"wenn du sie findest, bringst\ndu sie mir zurück?","if you find it, can you\nbring it back to me?",,Original,GoatStart
line:aa6cf0,klar,sure,,Player,GoatStart
line:e4e4ee,bitte verkauf sie nicht\nim Internet oder so,please don't sell it on\nthe internet or whatever,,Original,GoatStart
line:b427c9,sie bedeutet mir viel,it's very valuable to me,,Original,GoatStart
line:deb271,"nein, keine Sorge","no, don't worry",,Player,GoatStart
line:6a5e2f,ich bring sie sofort zurück,i'll bring it right back,,Player,GoatStart
line:0c1b44,ok,ok,,Original,GoatStart
line:55e682,danke,thanks,,Original,GoatStart
line:1cf998,"<sprite tint=1 name=""UpArrow""> Rangerhütte","<sprite tint=1 name=""UpArrow""> Rangers Cabin",,Original,BeachHutSign
line:6df2cf,"<sprite name=""DownArrow"" tint=1> Weißküstenpfad","<sprite name=""DownArrow"" tint=1> White Coast Trail",,Original,BeachHutSign
line:6794ce,"<sprite tint=1 name=""UpArrow""> Habichtsgipfelpfad\nWeißküstenpfad <sprite name=""RightArrow"" tint=1>","<sprite tint=1 name=""UpArrow""> Hawk Peak Trail\nWhite Coast Trail <sprite name=""RightArrow"" tint=1>",,Original,WhiteCoastSign
line:24d728,"<sprite tint=1 name=""DownArrow""> Sid-Strand\n<sprite tint=1 name=""DownArrow""> Besucherzentrum\n","<sprite tint=1 name=""DownArrow""> Sid Beach\n<sprite tint=1 name=""DownArrow""> Visitor Center\n",,Original,WhiteCoastSign
line:c3feb2,hey! wo willst du denn hin?,hey! where do you think you're going?,Only if the player runs off without talking to the Aunt first.,Original,AuntRunOffStart
line:660020,"oh, äh...","oh, um...",,Player,AuntRunOffStart
line:94ad70,"du willst doch nicht einfach\nabhauen, ohne der alten\nTante May hallo zu sagen?","you're not going to just wander\noff without saying hi to old\nAunt May, are you?",,Original,AuntRunOffStart
line:0377ea,hab dich den ganzen Tag nicht gesehen!,i haven't seen you all day!,,Original,AuntRunOffStart
line:2ee5c6,sorry...,sorry...,,Player,AuntRunOffStart
line:393e8a,"ich hatte einfach keine Lust\nzu reden, glaub ich","i just, didn't feel like\ntalking i guess",,Player,AuntRunOffStart
line:8bc66d,"hmm, was ist los?",hmm what's going on?,,Original,AuntRunOffStart
line:68da3e,ist nichts!,it's nothing!,,Player,AuntRunOffStart
line:cc2ab6,äh,um,,Player,AuntRunOffStart
line:2a2a55,ich warte einfach nur\nauf einen Anruf,i've just been waiting\naround for a call,Jumps to AuntIntroEnd.,Player,AuntRunOffStart
line:69f366,"hey, wie geht's?",hey how's it going?,Only if the player talks to the Aunt first.,Original,AuntIntroStart
line:f3c007,hab dich den ganzen Tag nicht gesehen,i haven't seen you all day,,Original,AuntIntroStart
line:13113d,warst du beschäftigt?,you been busy?,,Original,AuntIntroStart
line:15e70c,"äh, irgendwie","uh, kinda",,Player,AuntIntroStart
line:04670a,"na ja, nicht wirklich","well, not really",,Player,AuntIntroStart
line:de5495,ich warte einfach nur\nauf einen Anruf,i've just been waiting\naround for a call,,Player,AuntIntroStart
line:ac2e52,"na, da liegt dein Problem!",well there's your problem!,,Original,AuntIntroEnd
line:122c03,hier draußen gibt's keinen Empfang,there's no reception out here,,Original,AuntIntroEnd
line:895cf8,warte...,wait...,,Player,AuntIntroEnd
line:85a826,WAS!?,WHAT!?,,Player,AuntIntroEnd
line:264290,"ja, ich meine, so gut wie\nkein Empfang","yeah, i mean, pretty much\nno reception",,Original,AuntIntroEnd
line:8a1b8c,am <color=red>Habichtsgipfel</color> hast du\nvielleicht welchen,you might be able to get\nsome at <color=red>Hawk Peak</color>,,Original,AuntIntroEnd
line:c175a4,"oh... ja, wohl schon",oh... yeah i guess,,Player,AuntIntroEnd
line:f8213b,"aber das ist doch ziemlich\nweit, oder?",but that's pretty far\nisn't it?,,Player,AuntIntroEnd
line:b5e4af,so weit ist das gar nicht!,it's not that far!,,Original,AuntIntroEnd
line:2adc6a,wir sind alle schon\nmal hingewandert,we've all made the\ntrek before,,Original,AuntIntroEnd
line:2cc023,"ich dachte, du wärst\nschon längst hin",i figured you would have\ngone already,,Original,AuntIntroEnd
line:22169d,oh... ja,oh... yeah,,Player,AuntIntroEnd
line:87a10b,ich wollte schon längst mal hin,i've been meaning to go,,Player,AuntIntroEnd
line:bb94a0,aber,but,,Player,AuntIntroEnd
line:97eccf,ich hab einfach,i just,,Player,AuntIntroEnd
line:43b28d,es noch nicht geschafft,haven't gotten around to it yet,,Player,AuntIntroEnd
line:7a4449,heute ist doch ein\nguter Tag dafür!,well today's as good a day\nas any!,,Original,AuntIntroEnd
line:69a1a3,...,...,Claire is silent because she has been avoiding this hike - she's nervous it will too hard.,Player,AuntIntroEnd
line:665732,nimm einfach den <color=red>Weißküstenpfad</color>\nund geh an der Gabelung <color=red>nach Norden</color>,just take <color=red>White Beach Trail</color>\nand head <color=red>north</color> at the fork,,Original,AuntIntroEnd
line:4a3aac,dann folg einfach den Schildern\nzum <color=red>Habichtsgipfel</color>,then follow the signs\nfor <color=red>Hawk Peak</color>,,Original,AuntIntroEnd
line:afa6b1,kein Problem!,no problem!,,Original,AuntIntroEnd
line:e4f197,der <color=red>Habichtsgipfel</color> ist wirklich wunderschön,<color=red>Hawk Peak</color> really is wonderful,Only if the player continues to talk to the Aunt.,Original,AuntChat
line:8866aa,du wirst ihn lieben!,you're going to love it!,,Original,AuntChat
line:3f786f,ja... ich hab schon viel davon gehört,yeah... i've heard a lot about it,,Player,AuntChat
line:1a3a17,es ist schon eine ordentliche Wanderung,"it's quite a hike, sure",,Original,AuntChat
line:5178bc,aber unsere Familie geht\nschon seit Generationen hin,but our family has been going\nthere for generations,,Original,AuntChat
line:67dceb,jup,yup,,Player,AuntChat
line:e2d813,die heißen Quellen am Gipfel\nerzeugen diese tollen Aufwinde,the hot springs at the peak\ncreate these amazing updrafts,,Original,AuntChat
line:40798a,"das Gefühl, da oben zu fliegen,\nist unglaublich",the feeling of flying up there\nis incredible,,Original,AuntChat
line:f124e6,aber,but,,Player,AuntChat
line:a1168c,ist das nicht,isn't it,,Player,AuntChat
line:c8cb65,irgendwie gefährlich?,kind of dangerous?,,Player,AuntChat
line:65f725,eigentlich nicht,not really,,Original,AuntChat
line:2dc6ae,für dich wird das kein Problem sein!,it'll be no problem for you!,,Original,AuntChat
line:a9b82f,hmm,hmm,,Player,AuntChat
line:0acd94,auf was für einen Anruf\nwartest du eigentlich?,so what kind of call\nare you waiting for?,Only if the player continues to talk to the Aunt.,Player,AuntChat
line:e495d6,oh.. äh,oh.. um,,Player,AuntChat
line:e1eca7,du weißt schon...,you know...,,Player,AuntChat
line:fe9497,...,...,,Player,AuntChat
line:39e326,die Sache halt,the thing,,Player,AuntChat
line:a48a7c,...,...,,Original,AuntChat
line:9c8c35,ohhh! tut mir leid,ohhh! i'm sorry,,Original,AuntChat
line:4d933a,ich hab's vergessen,i forgot,,Original,AuntChat
line:04095c,"mach dir keine Sorgen, Schätzchen",don't worry about it dear,,Original,AuntChat
line:0c7e66,"ich bin sicher, das wird schon\nalles gut",i'm sure it'll all work\nout fine,,Original,AuntChat
line:69afd0,glaub ich,i think,,Original,AuntChat
line:e13932,"eine schöne Wanderung hilft dir,\nauf andere Gedanken zu kommen",a nice hike will help you\ntake your mind off it,,Original,AuntChat
line:109615,"ahh, ist das ein schöner Tag",ahh sure is a nice day,Only if the player continues to talk to the Aunt.,Original,AuntChat
line:923d86,"ich liebe es hier, weißt du?","i love it here, you know?",,Original,AuntChat
line:2640d9,"ja, es ist schön","yeah, it's nice",,Player,AuntChat
line:797bbe,aber die Stadt ist auch\nganz schön gut!,the city's pretty good\ntoo though!,,Player,AuntChat
line:a96f99,es gibt coole Events,it's got cool events,,Player,AuntChat
line:af8fd9,gutes Essen,great food,,Player,AuntChat
line:ba2c5e,und außerdem,and also,,Player,AuntChat
line:2eade3,Handyempfang!,cellphone reception!,,Player,AuntChat
line:c73cbb,"wir kriegen auch bald\nEmpfang, weißt du!","we'll get reception too\nsoon, ya know!",,Original,AuntChat
line:89c559,sie bauen gerade einen\nneuen Funkturm,they're building a new\nradio tower,,Original,AuntChat
line:49e489,oh,oh,,Player,AuntChat
line:6b6e0e,das wird schön,that'll be nice,,Player,AuntChat
line:d4c9d3,"ahh, es ist so schön hier","ahh, it's so lovely here",Only if the player continues to talk to the Aunt.,Player,AuntChat
line:223ea1,ich könnte hier den ganzen Tag sitzen,i could sit here all day,,Player,AuntChat
line:de9d91,und das werde ich auch,and i will,,Player,AuntChat
line:b7a7b0,CLAIRE!,CLAIRE!,,Original,KidStart
line:c4bfc9,wusstest du...,did you know...,,Original,KidStart
line:89c5de,"dass du <color=red>{{JumpButton}} beim Rennen halten</color>\nkannst, um durch die Luft zu gleiten?!?",you can <color=red>hold {{JumpButton}} while running</color>\nto glide through the air?!?,,Original,KidStart
line:63f4be,na klar!,of course!,,Player,KidStart
line:bc1f77,das weiß doch jeder,everyone knows that,,Player,KidStart
line:59da5d,warum fragst du?,why do you ask?,,Player,KidStart
line:11dc70,weiß nich,i dunno,,Original,KidStart
line:8d1f3a,"hatte einfach das Gefühl,\ndu wolltest es wissen",i just had a feeling\nyou might want to know,,Original,KidStart
line:5f1cb6,äh,um,,Player,KidStart
line:9857a1,ok,ok,,Player,KidStart
line:6b0d0c,"warte, äh","wait, uh",Only if the player continues to talk.,Player,KidStart
line:2c740b,wie geht das Gleiten nochmal?,how do i glide again?,,Player,KidStart
line:a5b030,"du hältst <color=red>{{JumpButton}} beim Rennen</color>, Dummkopf!",you <color=red>hold {{JumpButton}} while running</color> dummy!,,Original,KidStart
line:131a7c,"cool, wollte nur sicher gehen,\ndass du's nicht vergessen hast",cool just making sure\nyou haven't forgotten,,Player,KidStart
line:975e5c,ich vergesse nie etwas!,i never forget anything!,,Original,KidStart
line:845d4e,ich bin ein Genie,i'm a genius,,Original,KidStart
line:32fa08,"ok, ein letztes Mal",ok one last time,Only if the player continues to talk.,Player,KidStart
line:b08a47,was hast du nochmal gesagt?,what was that thing you said?,,Player,KidStart
line:703f8a,<color=red>{{JumpButton}} BEIM RENNEN HALTEN ZUM GLEITEN!!!</color>,<color=red>HOLD {{JumpButton}} WHILE RUNNING TO GLIDE!!!</color>,,Original,KidStart
line:5746d5,"ok, danke",ok thanks,,Player,KidStart
line:509a8c,"im Ernst, nur noch einmal",seriously just one last time,,Player,KidStart
line:1a38b1,HALTEN,HOLD,Only if the player continues to talk.,Original,KidStart
line:77a928,{{JumpButton}},{{JumpButton}},,Original,KidStart
line:f7a6f2,ZUM,TO,,Original,KidStart
line:193b8b,GLEITEN!!!!,GLIDE!!!!,,Original,KidStart
line:abcac6,"ok, ich verspreche, ich vergess's nicht",ok i promise i won't forget,,Player,KidStart
line:ff18cb,nur noch ei-,just one more-,Only if the player continues to talk.,Player,KidStart
line:e27b74,NEIN!,NO!,,Original,KidStart
line:81083b,NEIIIN!,NOOOO!,,Original,KidStart
line:9ab14d,NEEEEEEEEEEEEEEEEIN!,NOOOOOOOOOOOOOOOOOOO!,,Original,KidStart
line:767e99,NICHT MEHR!!!!,NO MORE!!!!,,Original,KidStart
line:29cac4,HEY DU,HEY YOU,,Original,OtherKidStart
line:17a485,FINDE MIR 15 MUSCHELN!,FIND ME 15 SHELLS!,,Original,OtherKidStart
line:c5ecea,was! wieso?,what! why?,,Player,OtherKidStart
line:e4e484,ich will sie halt,i want em,,Original,OtherKidStart
line:88d371,"ja, aber wieso","yeah, but why",,Player,OtherKidStart
line:7a437e,das ist geheim!,it's a secret!,,Original,OtherKidStart
line:a889a8,"heh, ok","heh, ok",,Player,OtherKidStart
line:ad9058,ich halt die Augen offen,i'll keep an eye out,,Player,OtherKidStart
line:875ed5,"halt BEIDE Augen offen, bitte!","keep BOTH eyes out, please!",,Original,OtherKidStart
line:feb9a5,"hey, ich hab deine Muscheln","hey, i got your shells",If the player returns with the shells.,Player,OtherKidStart
line:051e4c,ooooo!,ooooo!,,Original,OtherKidStart
line:c72422,die nehm ich!,i'll take em!,,Original,OtherKidStart
line:e1241c,was jetzt,so now what,,Player,OtherKidStart
line:3e628d,was,what,,Original,OtherKidStart
line:831bce,ich meine,i mean,,Player,OtherKidStart
line:147c2e,äh,uh,,Player,OtherKidStart
line:1b9367,krieg ich was dafür,do i get anything,,Player,OtherKidStart
line:2fde5e,nein!,no!,,Original,OtherKidStart
line:05680a,"mann, nicht mal ein Dankeschön?","geez, not even a thank you?",,Player,OtherKidStart
line:16ea80,das ist nicht sehr nett,that's not very nice,,Player,OtherKidStart
line:bae3c7,"ich tu, was zum Überleben nötig ist!",i do what it takes to survive!,,Original,OtherKidStart
line:648a49,ich hab dir nie was versprochen,i never promised you anything,,Original,OtherKidStart
line:caf7cc,...,...,,Player,OtherKidStart
line:8e0304,eigentlich,actually,,Original,OtherKidStart
line:9d6eff,hab ich doch was für dich,i do have something for you,,Original,OtherKidStart
line:4d16a1,einen neuen Job,a new job,,Original,OtherKidStart
line:921eeb,ich hab schon einen Job,i already have a job,,Player,OtherKidStart
line:4ab932,dann mach das halt dein Nebenjob,well make this your side gig,,Original,OtherKidStart
line:1054b1,und wenn ich nicht will,what if i don't take it,,Player,OtherKidStart
line:5ac191,dein Verlust!,it's your loss!,,Original,OtherKidStart
line:2f60fc,gute Jobs sind schwer zu finden,good jobs are hard to find,,Original,OtherKidStart
line:0c16fe,...,...,,Original,OtherKidStart
line:c46b69,"also, was wird's?",so what will it be?,Jumps to ConsiderKidQuest.,Original,OtherKidStart
line:21d908,was ist eigentlich mit den Muscheln?,so what's the deal with the shells?,If the player talks to them again.,Player,OtherKidStart
line:414248,geht dich nichts an!,it's none of your business!,,Original,OtherKidStart
line:14cf86,außer,except,,Original,OtherKidStart
line:dfc345,"das mit den 15 Muscheln,\ndie du mir besorgst",for the business of you\ngetting me 15 of them,,Original,OtherKidStart
line:2e35f7,ich hab bisher {{Item_Shell}} Muscheln!,i got {{Item_Shell}} shells so far!,If the player talks to them again with some shells.,Player,OtherKidStart
line:0e8aeb,"hey, kann ich dich kurz\nwas fragen",hey can i ask you\na quick question,,Original,OtherKidStart
line:0a19d0,klar,sure,,Player,OtherKidStart
line:8a7060,ist {{Item_Shell}} mehr oder weniger als 15,is {{Item_Shell}} more or less than 15,,Original,OtherKidStart
line:02f9ee,"äh,","uh,",,Player,OtherKidStart
line:e8e0b5,weniger?,less?,,Player,OtherKidStart
line:588d2f,ja,yeah,,Original,OtherKidStart
line:4b7c40,stimmt,it is,,Original,OtherKidStart
line:53148f,wenn du die Ware nicht hast...,if you don't have the goods...,,Original,OtherKidStart
line:96850b,...dann verschwende nicht meine Zeit!,...then don't waste my time!,,Original,OtherKidStart
line:b94465,"ok, mann!",okay geez!,,Player,OtherKidStart
line:961fbd,was soll ich sagen,what can i say,,Original,OtherKidStart
line:974e98,ich führ ein strenges Regiment,i run a tight ship,,Original,OtherKidStart
line:e38563,hmmm,hmmm,,Original,FoxStart
line:b29d15,ich wollte eigentlich zum\n<color=red>Habichtsgipfel</color> wandern,i was planning on hiking\nto <color=red>Hawk Peak</color>,,Original,FoxStart
line:7ba030,aber der Weg wurde plötzlich richtig steil,but the path suddenly got really steep,,Original,FoxStart
line:83c6cd,"denkst du, man kann da hochklettern?",do you think it's climbable?,,Player,FoxStart
line:bb9ad1,"na ja, würde gehen, wenn ich eine\n<color=red>goldene Feder</color> hätte","well, it would be if i had\na <color=red>golden feather</color>",,Original,FoxStart
line:c5407a,die verkaufen sie wohl\nim <color=red>Besucherzentrum</color>,apparently they sell them\nat the <color=red>Visitor Center</color>,,Original,FoxStart
line:4cacb9,und wie funktionieren <color=red>goldene Federn</color>?,"so, how do <color=red>golden feathers</color> work?",If the player talks to them again.,Player,FoxStart
line:37e9e6,"na ja, wenn du eine\nin der Tasche hast","well, when you've got\none in your pocket",,Original,FoxStart
line:477585,fühlst du dich viel leichter,you'll feel much lighter,,Original,FoxStart
line:3bbcd0,dann klettert man leichter\ndie Felsen hoch!,that makes it easier to\nclimb up cliffs!,,Original,FoxStart
line:e82492,woah,woah,,Player,FoxStart
line:5dd075,das ist ziemlich cool,that's pretty cool,,Player,FoxStart
line:9d3ba7,ist es auch!,it is indeed!,,Original,FoxStart
line:2c9d43,wieso gehst du eigentlich zum Habichtsgipfel?,so why are you going to Hawk Peak?,If the player talks to them again.,Player,FoxStart
line:cf58a9,ich will oben tolle\nNaturfotos machen,i'm going to take some great\nnature shots from the top,,Original,FoxStart
line:f9074d,"so professionell fotografier ich jetzt auch nicht, aber...",i wouldn't call myself a photographer but...,,Original,FoxStart
line:02b8b9,ist einfach ein cooles Hobby,it's just a fun hobby,,Original,FoxStart
line:bf4b14,ich geh da auch hin!,i'm going there too!,,Player,FoxStart
line:fd2045,"oh, echt?",oh yeah?,,Original,FoxStart
line:6e4c47,"ich hab gehört, das ist eine lange Wanderung",i heard it's a long hike,,Original,FoxStart
line:34b8e9,ach ja?,"it is, eh?",,Player,FoxStart
line:ed5d70,meine Tante sagt immer so,my aunt's always like,,Player,FoxStart
line:215373,"""das ist doch nur eine kurze Wanderung!""","""it's just a short hike away!""",,Player,FoxStart
line:fb4e3a,aber sie ist voll die Outdoor-Nerdin,but she's a total outdoors geek,,Player,FoxStart
line:8c7a1f,also,so,,Player,FoxStart
line:b7e9d9,"ich glaub, sie unterschätzt das",i think she underestimates it,,Player,FoxStart
line:7ba994,würd ich auch sagen,i'd say so,,Original,FoxStart
line:726a9c,wenn wir gleichzeitig oben ankommen,if we make it up at the same time,If the player talks to them again.,Player,FoxStart
line:4286c4,musst du ein Foto von mir machen!,you'll have to get my picture!,,Player,FoxStart
line:4a5a70,klingt gut!,sounds like a plan!,,Original,FoxStart
line:b69196,bis dann da oben!,see ya there!,,Player,FoxStart
line:d8da86,das ist mir ein\nbisschen peinlich,this is a little\nbit embarrassing,Only if the Artist is painting the Goat Ranger.,Original,VisitorCenterStart
line:b49975,"ich glaub, ich bin nicht\nsehr fotogen",i don't think i'm\nvery photogenic,,Original,VisitorCenterStart
line:790618,"aber ich freu mich, dass ich\nseiner Kunst helfen kann!",but i'm glad i can\nhelp with his art!,,Original,VisitorCenterStart
line:773c2e,wie auch immer,anyway,,Original,VisitorCenterStart
line:7cc3e6,siehst gut aus mit dem Hut!,lookin' sharp in that hat!,Only if the player is wearing the Ranger Hat.,Original,VisitorCenterStart
line:9076cd,hallöchen!,howdy!,,Original,VisitorCenterStart
line:40a49b,was geht?,what's up?,,Original,VisitorCenterStart
line:663e36,kann ich eine <color=red>goldene Feder</color> kaufen?,can I buy a <color=red>golden feather?</color>,Dialogue choice.,Player,VisitorCenterStart
line:7c01cd,was für Merch verkaufst du?,what kind of merch do you sell?,Dialogue choice.,Player,VisitorCenterStart
line:c822cd,nicht viel,nothing much,Dialogue choice.,Player,VisitorCenterStart
line:a7d95e,jup,yup,"If the player says ""nothing much.""",Original,VisitorCenterStart
line:e6c071,so ist das eben,that's how it goes,,Original,VisitorCenterStart
line:d2ce1b,wie kann ich dir helfen?,how can i help you?,"The first time the player talks to the Goat Ranger, having heard of Golden Feathers.",Original,VisitorCenterStart
line:21f53d,"ich hab gehört, ihr verkauft\nhier <color=red>goldene Federn</color>",i heard you sell <color=red>\ngolden feathers</color> here,,Player,VisitorCenterStart
line:2c9feb,"ah, stimmt!","ah, we do!",,Original,VisitorCenterStart
line:65be46,für 40 Münzen\nkannst du eine kaufen,you can buy one\nfor 40 coins,,Original,VisitorCenterStart
line:bc4372,die nehm ich!,i'll take it!,Dialogue choice.,Player,VisitorCenterStart
line:893486,was verkauft ihr sonst noch?,what else do you sell?,Dialogue choice.,Player,VisitorCenterStart
line:5274f3,erstmal reicht's,i'm good for now,Dialogue choice.,Player,VisitorCenterStart
line:505bd5,wir verkaufen auch\nProvinzpark-Merch,we also sell provincial\npark merchandise,In response to the player saying bye.,Original,VisitorCenterStart
line:d739f6,"alles klar, mach's gut","alrighty, take care",,Original,VisitorCenterStart
line:bc241f,"äh,","um,","The first time the player talks to the Goat Ranger, NOT having heard of Golden Feathers.",Original,VisitorCenterStart
line:27d375,weiß nich,i dunno,,Original,VisitorCenterStart
line:6295ae,"mir geht's schon gut, glaub ich",i guess i'm fine,,Original,VisitorCenterStart
line:f627f3,alles klar!,alrighty!,,Original,VisitorCenterStart
line:9149a2,"sag Bescheid, wenn du eine\nWegbeschreibung brauchst oder was kaufen willst",let me know if you need directions\nor want to buy anything,,Original,VisitorCenterStart
line:8051f6,"oh, was verkauft ihr?","oh, what are you selling?",,Player,VisitorCenterStart
line:f74cad,"na ja, wir haben\nProvinzpark-Merch","well, we have provincial\npark merch",,Original,VisitorCenterStart
line:03b0f8,und ein paar Wanderutensilien\nwie <color=red>goldene Federn</color>,and some hiking supplies\nlike <color=red>golden feathers</color>,,Original,VisitorCenterStart
line:4996e6,was ist das?,what are those?,,Player,VisitorCenterStart
line:da421d,klingt cool,they sound cool,,Player,VisitorCenterStart
line:f56321,sie sind auch cool!,they are cool!,,Original,VisitorCenterStart
line:fd1b15,sie machen das Klettern leichter,they make rock climbing easier,,Original,VisitorCenterStart
line:852b3a,und in deinem Fall,and in your case,,Original,VisitorCenterStart
line:0f4a0c,helfen sie dir auch beim Fliegen,will also help you fly,,Original,VisitorCenterStart
line:a936ff,!!,!!,,Player,VisitorCenterStart
line:24358e,für 40 Münzen kannst du eine kaufen,you can buy one for 40 coins,,Original,VisitorCenterStart
line:b56114,die nehm ich!!,i'll take it!!,Dialogue choice.,Player,VisitorCenterStart
line:5294c3,was für Merch verkaufst du?,what kind of merch do you sell?,Dialogue choice.,Player,VisitorCenterStart
line:68907f,erstmal reicht's,i'm good for now,Dialogue choice.,Player,VisitorCenterStart
line:c2141d,"alles klar, mach's gut","alrighty, take care",,Original,VisitorCenterStart
line:590cdd,eigentlich sind wir komplett ausverkauft,"actually, we're all sold out",If the player tries to buy feathers but they're sold out.,Original,BuyFeatherStart
line:811e78,<color=red>ein Junge</color> war vorhin hier\nund hat fast unseren\ngesamten Restbestand gekauft,<color=red>a boy</color> came by earlier\nand bought most of the\nremaining stock,The boy is highlighted because it hints you'll find him later.,Original,BuyFeatherStart
line:a6297a,der geht wohl auch\nwandern!,he must be going\non some hike!,,Original,BuyFeatherStart
line:8cdf8a,"klar, bitteschön!","sure, here ya go!",If the player buys a feather from them.,Original,BuyFeatherStart
line:069cfe,"das sind tatsächlich alle\nFedern, die wir haben",that's actually all\nthe feathers we have,After the player buys the last feather.,Original,BuyFeatherStart
line:4e8558,<color=red>ein Junge</color> war vorhin hier\nund hat fast unseren\ngesamten Restbestand gekauft,<color=red>a boy</color> came by earlier\nand bought most our\nremaining stock,,Original,BuyFeatherStart
line:d958fc,du musst woanders\nwelche finden,you'll have to find\nmore elsewhere,,Original,BuyFeatherStart
line:5fda34,sorry!,sorry!,,Original,BuyFeatherStart
line:522b92,klar! das macht 40 Münzen,sure! that'll be 40 coins,"If the player tries to buy, but doesn't have money.",Original,BuyFeatherStart
line:bf6622,"oh, warte",oh wait,,Player,BuyFeatherStart
line:e93615,ich hab nicht genug Geld,i don't have enough money,,Player,BuyFeatherStart
line:f011d1,...,...,,Player,BuyFeatherStart
line:f9fe9a,noch!,yet!,,Player,BuyFeatherStart
line:df579f,oh,oh,The next time the player doesn't have enough money.,Player,BuyFeatherStart
line:1cb666,"ja, hab ich vergessen",yeah i forgot,,Player,BuyFeatherStart
line:8cc5ff,ich muss noch mehr Geld auftreiben,i still need to find more cash,,Player,BuyFeatherStart
line:16706a,"<sprite name=""UpArrow"" tint=1> Besucherzentrum\n<sprite tint=1 name=""LeftArrow""> Habichtsgipfelpfad","<sprite name=""UpArrow"" tint=1> Visitor Center\n<sprite tint=1 name=""LeftArrow""> Hawk Peak Trail",This is a sign.,Original,VistorCenterCrossroadsStart
line:81143b,"Sid-Strand <sprite tint=1 name=""RightArrow"">\n<sprite tint=1 name=""DownArrow""> Shirleys Landspitze","Sid Beach <sprite tint=1 name=""RightArrow"">\n<sprite tint=1 name=""DownArrow""> Shirley's Point",,Original,VistorCenterCrossroadsStart
line:eb7a43,"<sprite name=""UpArrow"" tint=1> Schwarzholzpfad\n<sprite name=""LeftArrow"" tint=1> Habichtsgipfelpfad","<sprite name=""UpArrow"" tint=1> Blackwood Trail\n<sprite name=""LeftArrow"" tint=1> Hawk Peak Trail",,Original,KioskSignStart
line:1024d7,"<sprite name=""DownArrow"" tint=1> Besucherzentrum\nWeißküstenpfad <sprite name=""RightArrow"" tint=1>","<sprite name=""DownArrow"" tint=1> Visitor Center\nWhite Beach Trail <sprite name=""RightArrow"" tint=1>",,Original,KioskSignStart
line:4957ee,"<sprite name=""UpArrow"" tint=1> Habichtsgipfelpfad\n<sprite name=""UpArrow"" tint=1> Gutbachweg","<sprite name=""UpArrow"" tint=1> Hawk Peak Trail\n<sprite name=""UpArrow"" tint=1> Good Creek Path",,Original,HawkPeakRiverSignStart
line:628d3d,"<sprite name=""LeftArrow"" tint=1> Königsgrat\nSchwarzholzpfad <sprite name=""RightArrow"" tint=1>","<sprite name=""LeftArrow"" tint=1> Royal Ridge\nBlackwood Trail <sprite name=""RightArrow"" tint=1>",,Original,HawkPeakRiverSignStart
line:326ae7,"<sprite name=""UpArrow"" tint=1> Habichtsgipfelpfad\n<sprite name=""UpArrow"" tint=1> Gutbachweg","<sprite name=""UpArrow"" tint=1> Hawk Peak Trail\n<sprite name=""UpArrow"" tint=1> Good Creek Path",,Original,RoyalRidgeSignStart
line:ede0b0,"<sprite name=""DownArrow"" tint=1> Schwarzholzpfad\n<sprite name=""LeftArrow"" tint=1> Königsgrat","<sprite name=""DownArrow"" tint=1> Blackwood Trail\n<sprite name=""LeftArrow"" tint=1> Royal Ridge",,Original,RoyalRidgeSignStart
line:b2763c,"<sprite name=""UpArrow"" tint=1> Habichtsgipfelpfad\n<sprite name=""DownArrow"" tint=1> Gutbachweg\nMeteorsee <sprite name=""RightArrow"" tint=1>","<sprite name=""UpArrow"" tint=1> Hawk Peak Trail\n<sprite name=""DownArrow"" tint=1> Good Creek Path\nMeteor Lake <sprite name=""RightArrow"" tint=1>",,Original,FireTowerSnowSignStart
line:e9a55c,"<sprite name=""UpArrow"" tint=1> Habichtsgipfelpfad","<sprite name=""UpArrow"" tint=1> Hawk Peak Trail",,Original,HawkPeakSignStart
line:4da2e1,Für diese Wanderung werden mindestens\n<color=yellow>7 goldene Federn</color> benötigt.,At least <color=yellow>7 Golden Feathers</color> are\nrequired to complete this hike.,,Original,HawkPeakSignStart
line:12ab30,Unerfahrene Wanderer sollten mehr einplanen.,Novice hikers should consider using more.,,Original,HawkPeakSignStart
line:8368eb,"<sprite tint=1 name=""Warning""> WANDERTIPP <sprite tint=1 name=""Warning"">","<sprite tint=1 name=""Warning""> HIKING TIP <sprite tint=1 name=""Warning"">",,Original,HawkPeakSignStart
line:4188b8,klettern verbraucht weniger Ausdauer als fliegen!,climbing uses less stamina than flying!,,Original,HawkPeakSignStart
line:06e25d,zum Klettern gegen eine Wand drücken und {{JumpButton}} halten,"to climb, push against a wall and hold {{JumpButton}}",,Original,HawkPeakSignStart
line:369fc3,"<sprite name=""LeftArrow"" tint=1> Meteorsee-Aussicht <sprite name=""RightArrow"" tint=1>\n<sprite name=""LeftArrow"" tint=1> Habichtsgipfelpfad\n<sprite name=""DownArrow"" tint=1> Schwarzholzpfad","<sprite name=""LeftArrow"" tint=1> Meteor Lake Overlook <sprite name=""RightArrow"" tint=1>\n<sprite name=""LeftArrow"" tint=1> Hawk Peak Trail\n<sprite name=""DownArrow"" tint=1> Blackwood Trail",,Original,MeteorLakeSignStart
line:e9e473,"<sprite name=""LeftArrow"" tint=1> Meteorsee-Aussicht <sprite name=""RightArrow"" tint=1>\n<sprite name=""DownArrow"" tint=1> Habichtsgipfelpfad","<sprite name=""LeftArrow"" tint=1> Meteor Lake Overlook <sprite name=""RightArrow"" tint=1>\n<sprite name=""DownArrow"" tint=1> Hawk Peak Trail",,Original,MeteorLakeLeftSignStart
line:8e47b8,hey Claire!,hey claire!,This is a fox that's walking along the bridges on the east side of the island.,Original,BeachFoxStart
line:7e2d19,wie läuft dein tag so?,how's the day treatin' ya?,,Original,BeachFoxStart
line:3b05a7,naja,well,,Player,BeachFoxStart
line:81a9fb,ich komm grad erst\naus dem haus,i'm just getting out\nof the house now,,Player,BeachFoxStart
line:d5b624,ah,ah,,Original,BeachFoxStart
line:ef8af4,ist einer von diesen tagen,it's one of those kinds of days,,Original,BeachFoxStart
line:42c449,ja...,yeah...,,Player,BeachFoxStart
line:a6f8f9,ich war irgendwie,i've been kinda,,Player,BeachFoxStart
line:977278,den ganzen morgen gedanklich abwesend,caught up in my head all morning,,Player,BeachFoxStart
line:b18566,hmm,hmm,,Original,BeachFoxStart
line:8a30c4,"würdest du sagen, du fühlst dich...",would you say you feel...,,Original,BeachFoxStart
line:f10c07,...verloren und ziellos?,...lost and directionless?,,Original,BeachFoxStart
line:055150,äh,uh,,Player,BeachFoxStart
line:031c7b,vielleicht,maybe,,Player,BeachFoxStart
line:a5d39a,tja!,welp!,,Original,BeachFoxStart
line:f293a6,ich hab genau das richtige für dich!,i've got just the thing for you!,,Original,BeachFoxStart
line:1c70ff,"hier, nimm das",take this,,Original,BeachFoxStart
line:0dc524,um es zu benutzen,to use it,,Original,BeachFoxStart
line:344cd9,"<color=red>drück {{MenuButton}}</color>, um dein\ninventar zu öffnen",<color=red>press {{MenuButton}}</color> to open\nyour inventory,,Original,BeachFoxStart
line:671a7f,und wähl es dann im <color=red>gegenstände-menü</color>,then select it from the <color=red>items menu</color>,,Original,BeachFoxStart
line:586ba8,"oh, äh","oh, uh",,Player,BeachFoxStart
line:78bc2f,danke,thanks,,Player,BeachFoxStart
line:f67f9f,das wird bestimmt nützlich sein,this should come in handy,,Player,BeachFoxStart
line:4eb391,frohes wandern!,happy hiking!,,Original,BeachFoxStart
line:b848c9,wie benutz ich nochmal meinen kompass?,how do i use my compass again?,If the player talks to them again without the compass equipped.,Player,BeachFoxStart
line:da694d,"drück einfach <color=red>{{MenuButton}}</color>, um\n<color=red>dein inventar zu öffnen</color>",just <color=red>press {{MenuButton}}</color> to\n<color=red>open your inventory</color>,,Original,BeachFoxStart
line:1cf7a2,und wähl es dann im\n<color=red>gegenstände-menü</color>,then select it from\nthe <color=red>items menu</color>,,Original,BeachFoxStart
line:00e277,"ah, stimmt",ah right,,Player,BeachFoxStart
line:c6adcc,danke!,thanks!,,Player,BeachFoxStart
line:dc7149,"danke, dass du mir den kompass geliehen hast",thanks for lending me the compass,If the player talks to them with the compass.,Player,BeachFoxStart
line:10a2da,"ich bring ihn zurück,\nwenn ich mit der wanderung fertig bin",i'll get it back to you\nwhen i'm done my hike,,Player,BeachFoxStart
line:b883c4,"ach, nö","oh, nah",,Original,BeachFoxStart
line:b29652,behalt ihn,just keep it,,Original,BeachFoxStart
line:062d5d,"du weißt ja, was man sagt...",you know what they say...,,Original,BeachFoxStart
line:6bb6e1,"es bringt glück, zu wissen,\nwo norden ist!",it's good luck to know\nwhich way is north!,,Original,BeachFoxStart
line:612a85,äh,uh,,Player,BeachFoxStart
line:e1b0be,sagt man das?,do they say that?,,Player,BeachFoxStart
line:0b1c04,"ehrlich, bin ich nicht sicher","actually, i'm not sure",,Original,BeachFoxStart
line:40ba46,aber,but,,Original,BeachFoxStart
line:918947,pech bringt's bestimmt nicht!,it certainly can't be bad luck!,,Original,BeachFoxStart
line:a8b5f9,Willkommen im Habichtsgipfel-Provinzpark!,Welcome to Hawk Peak Provincial Park!,,Original,VisitorsCenterSignStart
line:692bdd,Genieße eine malerische Wanderung zum Aussichtspunkt\noder folge dem <color=yellow>Habichtsgipfelpfad</color> bis zum\nhöchsten Punkt der Provinz!,Enjoy a scenic trek to Outlook Point\nor follow <color=yellow>Hawk Peak Trail</color> up to the\nhighest point in the province!,,Original,VisitorsCenterSignStart
line:b1e575,"Obwohl diese Insel für ihren\nnamensgebenden Gipfel bekannt ist,","Although this island is known for\nits titular mountain peak,",,Original,VisitorsCenterSignStart
line:b107d7,beherbergt sie auch zahlreiche\nwunderschöne Strände und Wälder!,It is also home to a number of\nbeautiful beaches and forests!,,Original,VisitorsCenterSignStart
line:a83a22,Wusstest du schon?,Did you know?,,Original,VisitorsCenterSignStart
line:fcd4a8,Das berüchtigte Lokalgericht\n'Erdbeeren und Toast'\nwurde HIER am Habichtsgipfel erfunden!,The infamous local dish\n'Strawberries and Toast'\nwas invented HERE at Hawk Peak!,,Original,VisitorsCenterSignStart
line:ad24ec,Komm doch um 17 Uhr vorbei\nund genieße eine leckere Portion\ndieses historischen Gerichts!,Please join us at 5PM to\nenjoy a delicious serving\nof the historical dish!,,Original,VisitorsCenterSignStart
line:e688e0,uns geht der vorrat aus,we're kinda low on stock,If the player tries to buy merch from the Goat Ranger.,Original,BuyMerchStart
line:a7cf46,aber das ist eigentlich gut,"but that's good, actually",,Original,BuyMerchStart
line:20178a,es war eine hektische saison!,it's been a busy season!,,Original,BuyMerchStart
line:66f7eb,provinzparks liegen wohl\ngerade im trend oder so,provincial parks must be\ntrending or something,,Original,BuyMerchStart
line:33c393,kann gut sein!,it's possible!,,Player,BuyMerchStart
line:d29584,"naja, egal",anyway,,Original,BuyMerchStart
line:cf8544,nur noch ein hut übrig,we only have one hat left,,Original,BuyMerchStart
line:9178cb,der kostet 100 münzen,it costs 100 coins,,Original,BuyMerchStart
line:158b88,ich nehm ihn!,i'll take it!,Dialogue choice.,Player,BuyMerchStart
line:87ad79,"nö, lass ich mal","nah, i'll pass",Dialogue choice.,Player,BuyMerchStart
line:ec5216,probier ihn doch an!,why don't you try it on?,,Original,BuyMerchStart
line:c96132,"hmm, jetzt bist du blank...","hmm, you're all out of cash now...",If the player buys the hat before any feathers.,Original,BuyMerchStart
line:fb4cd6,wie wär's mit einer\ngratis goldenen feder dazu!,how about I throw in a\nfree golden feather!,,Original,BuyMerchStart
line:d29351,"oh, ähm,","oh uhhh,",If the player tries to buy the hat but can't afford it.,Original,BuyMerchStart
line:41e1d2,ich glaub nicht...,i don't think...,,Original,BuyMerchStart
line:e04b2d,dass du's leisten kannst,you can afford it,,Original,BuyMerchStart
line:bb012f,oh,oh,,Player,BuyMerchStart
line:a0e28c,achja,right,,Player,BuyMerchStart
line:d1acff,ok!,okay!,If you decline buying the hat.,Original,BuyMerchStart
line:3e75b5,ausverkauft!,we're all out!,If the player tries to buy a hat again.,Original,BuyMerchStart
line:ff23f2,du hast den letzten hut gekauft,you bought the last hat,,Original,BuyMerchStart
line:976599,bestellt ihr noch mehr nach?,are you guys gonna order more?,,Player,BuyMerchStart
line:44a915,erst nächste saison wieder,not until next season,,Original,BuyMerchStart
line:10e2e7,jede saison ist limitiert,each season is a limited run,,Original,BuyMerchStart
line:1154fb,"hab wohl glück gehabt,\nden letzten erwischt!",i guess i'm lucky i\ngot the last one!,,Player,BuyMerchStart
line:cd0ade,"haha, sieht wohl so aus!","haha, i suppose so!",,Original,BuyMerchStart
line:a2c392,"lass mich erklären, wie's funktioniert!",let me explain how they work!,The first time a player buys a golden feather.,Original,ExplainGoldenFeather
line:be6485,"wenn du <color=red>{{JumpButton}}</color> in der luft\ndrückst, kannst du mit den flügeln\nschlagen für einen doppelsprung!","if you press <color=red>{{JumpButton}}</color> while\nin midair, you can flap your\nwings for a double jump!",,Original,ExplainGoldenFeather
line:ef3fcb,aber das ist nicht alles!,but that's not all!,,Original,ExplainGoldenFeather
line:c6d6ba,"um eine wand zu erklimmen, drück dich rein und <color=red>halt {{JumpButton}}</color>","to climb a wall, push against it and <color=red>hold {{JumpButton}}</color>",,Original,ExplainGoldenFeather
line:4577c7,"je mehr goldene federn du\nhast, desto besser kannst du\nklettern und fliegen","the more golden feathers you\nhave, the more you'll be able\nto climb and fly",,Original,ExplainGoldenFeather
line:a6796e,viel spaß da draußen!,have fun out there!,,Original,ExplainGoldenFeather
line:bb7420,heyo!,heyo!,This is a dog character who is hiking on the west side of the mountain.,Original,HikingUp
line:2d4461,wie läuft die wanderung so?,how's the hike treating you?,,Original,HikingUp
line:366ec1,"oh, äh","oh, uh",,Player,HikingUp
line:591331,war ganz nett,it's been nice,,Player,HikingUp
line:a69641,es ist wirklich schön hier,it's really beautiful here,,Player,HikingUp
line:75795e,"ich weiß, oder!",i know right!,,Original,HikingUp
line:dcdf46,die aussicht von oben wird...,the view from the top will be...,,Original,HikingUp
line:e5ee40,SO,SO,,Original,HikingUp
line:e3110d,GUT!!,GOOD!!,,Original,HikingUp
line:74b492,du gehst auch zum <color=red>Habichtsgipfel</color>!?,you're going to <color=red>Hawk Peak</color> too!?,,Player,HikingUp
line:562b58,"oh, nein","oh, no",,Original,HikingUp
line:d97d0c,das ist mir zu heftig,that's too intense for me,,Original,HikingUp
line:f55ea7,...,...,,Player,HikingUp
line:41bad1,ich geh nur zum Aussichtspunkt,i'm just going to Outlook Point,,Original,HikingUp
line:456d6f,sehen wir uns dort?,will i see ya there?,,Original,HikingUp
line:bef5f5,"ja, wir treffen uns oben!","yeah, i'll meet you at the top!",Dialogue choice.,Player,HikingUp
line:66d427,"äh, vielleicht","uh, maybe",Dialogue choice.,Player,HikingUp
line:88e0af,super!,awesome!,If the player agrees.,Original,HikingUp
line:f6e445,man sieht sich!,catch ya later!,,Original,HikingUp
line:10254b,"na dann, bis irgendwann!","well, see ya around!",If the player declines.,Original,HikingUp
line:d68d22,ich geh wieder rauf zum turm,i'm heading back up to the tower,If the dog already reached the top and is heading back up.,Original,HikingUp
line:be5ef3,muss ja irgendwie fit bleiben,i gotta get that exercise in,,Original,HikingUp
line:ae00f9,man sieht sich!,see ya around!,,Original,HikingUp
line:4f2346,der Gutbachweg ist echt hübsch,Good Creek Path is really pretty,If the player talks to the dog before they've reached the top.,Original,HikingUp
line:632631,früher hat er mal\nzum Harbord-Grat abgezweigt,"a long time ago, it used to\nbranch off to Harbord Ridge",,Original,HikingUp
line:0f34a2,"aber der weg wurde bei einem\nunwetter beschädigt, und sie haben\ndie schilder abmontiert",but the path was damaged in\na rainstorm and they took\nthe signs down,,Original,HikingUp
line:55a2ef,was für ein schöner tag!,what a pretty day!,If the player talks to the dog before they've reached the top again.,Original,HikingUp
line:66b8b5,heyo!,heyo!,If the player talks to the dog first while they're heading down.,Original,HikingDown
line:2fd1f2,wie läuft die wanderung so?,how's the hike treating you?,,Original,HikingDown
line:1120be,"oh, äh","oh, uh",,Player,HikingDown
line:a23900,war ganz nett,it's been nice,,Player,HikingDown
line:4eb4ce,es ist wirklich schön hier,it's really beautiful here,,Player,HikingDown
line:4235b1,"ich weiß, oder!",i know right!,,Original,HikingDown
line:45d8a8,die aussicht von oben war...,the view from the top was...,,Original,HikingDown
line:0ded11,SO,SO,,Original,HikingDown
line:ce0874,GUT!!,GOOD!!,,Original,HikingDown
line:9c2490,du hast es zum <color=red>Habichtsgipfel</color> geschafft!?,you made it up to <color=red>Hawk Peak</color>!?,,Player,HikingDown
line:e8cea1,"oh, nein","oh, no",,Original,HikingDown
line:39b4ec,das ist mir zu heftig,that's too intense for me,,Original,HikingDown
line:4587d1,...,...,,Player,HikingDown
line:c40345,ich komm grad vom Aussichtspunkt,i've just come from Outlook Point,,Original,HikingDown
line:ebbebf,"ich dreh noch ein paar runden,\num fit zu bleiben",i'm gonna do a few rounds\nto get my exercise in,,Original,HikingDown
line:5b64a7,"ohne angeberei, aber","not to brag, but",,Original,HikingDown
line:8a6f60,bin ziemlich schnell,i'm pretty fast,,Original,HikingDown
line:413a40,vielleicht sehen wir uns\ngleich da oben!,maybe i'll see you\nup there in a few!,,Original,HikingDown
line:6b2c09,"ja, wir treffen uns oben!","yeah, i'll meet you at the top!",Dialogue choice.,Player,HikingDown
line:1b843f,"äh, vielleicht","uh, maybe",Dialogue choice.,Player,HikingDown
line:cf9a29,super!,awesome!,,Original,HikingDown
line:879d6e,man sieht sich!,catch ya later!,,Original,HikingDown
line:e3cd9c,"na dann, bis irgendwann!","well, see ya around!",,Original,HikingDown
line:57905d,mann,man,If the player talks to the dog just after having seen them at the top.,Original,HikingDown
line:665f1b,"wünschte, ich würd hier leben",i wished i lived here,,Original,HikingDown
line:cff274,ich würd diese wanderung täglich machen,i would do this hike every single day,,Original,HikingDown
line:35527c,und ich würd's nie leid werden,and i'd never get tired of it,,Original,HikingDown
line:cfec4b,du könntest hier im park arbeiten!,you could get a job at the park!,,Player,HikingDown
line:fd152d,meine tante arbeitet hier und\ndarf den ganzen sommer hier wohnen,"my aunt works here, and she\ngets to live here all summer",,Player,HikingDown
line:7f4368,*seufz*,*sigh*,,Original,HikingDown
line:e74b7a,wär schön,i wish,,Original,HikingDown
line:f5ed00,ich kann nicht einfach so\ndie stadt verlassen,i can't just up and\nleave the city,,Original,HikingDown
line:97619f,"na, könntest du doch!","well, you could!",Dialogue choice.,Player,HikingDown
line:1fd66e,"ja, versteh ich","yeah, i get it",Dialogue choice.,Player,HikingDown
line:762691,"ich meine, leicht wär's nicht","i mean, it wouldn't be easy","If the player says ""you could!""",Player,HikingDown
line:b61c4e,aber vielleicht wär's das wert,might be worth it though,,Player,HikingDown
line:d1f04e,"ha, ja...","ha, yeah...",,Original,HikingDown
line:d27b91,vielleicht mal!,maybe someday!,,Original,HikingDown
line:07768a,"du müsstest ja zurücklassen, so","you'd have to leave behind, like","If the player says ""yeah, i get it.""",Player,HikingDown
line:97475a,deine freunde,your friends,,Player,HikingDown
line:af85ff,deine wohnung,your apartment,,Player,HikingDown
line:33cdc0,deinen job...,your job...,,Player,HikingDown
line:7764fb,"ja, wär schon hart","yeah, it would tough",,Original,HikingDown
line:22d165,"na dann, muss weiter wandern!","well, i gotta get my hike on!",,Original,HikingDown
line:7e0585,man sieht sich!,catch ya later!,,Original,HikingDown
line:4f2bc3,heyyooo,heyyooo,"If the player talks to the dog heading down, after having missed them at the top.",Original,HikingDown
line:b15c74,ich war grad oben am Aussichtspunkt,i was just up at Outlook Point,,Original,HikingDown
line:4c2206,hab dich da aber nicht gesehen,i didn't see ya there though,,Original,HikingDown
line:eace63,hoppla!,whoops!,,Player,HikingDown
line:62fa4b,du solltest da echt mal hin,you gotta check it out though,,Original,HikingDown
line:239198,die aussicht ist fantastisch.,the view is fantastic.,,Original,HikingDown
line:0de906,ich plane noch ein paar runden zu drehen,i'm planning on making a few rounds,,Original,HikingDown
line:f7fa28,muss ja fit bleiben!,gotta get that exercise in!,,Original,HikingDown
line:f3b062,mann,man,If you talk to the dog at the top of Outlook Point.,Original,AtTopOfHike
line:8608c5,man spürt den wind hier oben richtig!,you can really feel the wind up here!,,Original,AtTopOfHike
line:df1b47,ich liebe das,i love this,,Original,AtTopOfHike
line:4c0455,davon fühl ich mich so...,it makes me feel so...,,Original,AtTopOfHike
line:b99060,glücklich,happy,,Original,AtTopOfHike
line:3bd9e4,ja,yeah,,Player,AtTopOfHike
line:7ec259,ist gut,it's good,,Player,AtTopOfHike
line:0ce335,hey!,hey!,,Player,AtTopOfHike
line:75ec5c,"schön, dich hier zu sehen",good to see ya up here,,Player,AtTopOfHike
line:10d7e4,bin nur ich das,is it just me,,Player,AtTopOfHike
line:4ec50c,oder ist das hier episch,or is this kinda epic,,Player,AtTopOfHike
line:b4d915,"ja, ist episch","yeah, it's epic",Dialogue choice.,Player,AtTopOfHike
line:f2e1a1,geht so,it's OK,Dialogue choice.,Player,AtTopOfHike
line:a2534c,ja!,yes!,If the player agrees.,Original,AtTopOfHike
line:25b162,wind im gesicht,the wind in my face,,Original,AtTopOfHike
line:4ddcb4,das fühlt sich so gut an,it makes me feel so good,Jump to GetMapFromHiker.,Original,AtTopOfHike
line:35a271,geht so?!,it's OK?!,If the player disagrees.,Original,AtTopOfHike
line:897458,schau dir das an!,look at all this!,,Original,AtTopOfHike
line:b7f3ce,es ist EPISCH,it's EPIC,,Original,AtTopOfHike
line:39c3b6,"man sieht sozusagen,","you can see like,",,Original,AtTopOfHike
line:d3e4ae,die ganze insel!,the whole island!,Jump to GetMapFromHiker.,Original,AtTopOfHike
line:6bfe40,ich liebs hier oben!,i love it up here!,If you talk to the dog again at the top of the mountain.,Original,AtTopOfHike
line:9bcc69,...,...,,Original,AtTopOfHike
line:103872,ich hätte aber snacks\nmitbringen sollen,i should have brought\nsome snacks though,,Original,AtTopOfHike
line:c0fc37,wenn man oben auf\neinem berg ankommt...,when you get to the\ntop of a mountain...,,Original,AtTopOfHike
line:d98ad8,muss man einen snack haben!,you gotta have a snack!,,Original,AtTopOfHike
line:173358,fühlt sich richtig an.,it just seems right.,,Original,AtTopOfHike
line:1e9600,Welche Karte soll ich lesen?,Which map should I read?,If the player opens up a treasure map from the menu.,Original,TreasureMapsStart
line:e51de7,In ihrem Schatten,In Her Shadow,Dialogue choice. This is the title of a poem about treasure in the shadow of the lighthouse.,Player,TreasureMapsStart
line:9a1ae1,Der Thron des Königs,The King's Throne,Dialogue choice. This is the title of a poem about the treasure at the top of a big rock that looks like a throne.,Player,TreasureMapsStart
line:5bb1cf,Der Schatz von Sid-Strand,The Treasure of Sid Beach,Dialogue choice. This is the title of a poem about the treasure buried at Sid Beach.,Player,TreasureMapsStart
line:d96274,da steht...,it says...,"This is a rhyming riddle that describes a treasure hidden in the shadow of the lighthouse, right at the very tip of the shadow.",Original,TMap2
line:fdf2d8,Sein Schiff ging unter in den Wellen,His vessel was lost on the water,,Original,TMap2
line:a3b13c,Doch das Leuchtfeuer konnt' es erhellen,But the beacon found and caught her,,Original,TMap2
line:99cda9,So vergrub er seine Ware,So he buried his trade,,Original,TMap2
line:970b49,am äußersten Rand des Schattens,At the end of its shade,,Original,TMap2
line:6a17f8,sicher für die Tochter des Leuchtturmwärters,To keep safe for the lightkeeper's daughter,,Original,TMap2
line:185fed,"ich glaub, die hab ich schon gefunden!",i think i've already found this one!,,Player,TMap2
line:96a1ad,das besucherzentrum sieht von\nhier so winzig aus!,the visitor center is\nso tiny from here!,The dog gives a map to the player.,Original,GetMapFromHiker
line:88b430,heh,heh,,Original,GetMapFromHiker
line:8a6425,"oh, das erinnert mich!","oh, that reminds me!",,Original,GetMapFromHiker
line:3999a2,"hier, nimm das",take this,,Original,GetMapFromHiker
line:22f5dc,anscheinend ist irgendein\nschatz am Sid-Strand vergraben,apparently there's some sort of\ntreasure buried at Sid Beach,,Original,GetMapFromHiker
line:289fee,"ich konnte nichts finden, vielleicht\nhast du ja mehr glück!","i couldn't find anything, maybe\nyou'll have better luck!",,Original,GetMapFromHiker
line:6df84f,also,so,If the player talks to Shell Kid after rejecting their inital offer.,Original,OtherKid2
line:8b23e4,"kommst du ANGEKROCHEN,\num's dir anders zu überlegen?",have you come CRAWLING\nback to reconsider?,,Original,OtherKid2
line:acd876,wie läuft die lieferung?,how's the delivery going?,If the player talks to Shell Kid after accepting their offer.,Original,OtherKid2
line:8bab11,ich arbeite dran,i'm working on it,,Player,OtherKid2
line:fe4551,anscheinend nicht hart genug,not hard enough apparently,,Original,OtherKid2
line:b52bf2,meine quellen sagen,so my sources say,If the player talks to Shell Kid after accepting finishing their job.,Original,OtherKid2
line:d985f3,du hast die ware geliefert,you've delivered the goods,,Original,OtherKid2
line:6b9dca,deine quellen haben recht,your sources are correct,,Player,OtherKid2
line:d4254f,...,...,,Player,OtherKid2
line:241579,und was ist mit der bezahlung,so what about that pay,,Player,OtherKid2
line:87b222,ok ok,ok ok,,Original,OtherKid2
line:ea3c5c,"hier, bitte",here ya go,Shell Kid gives the player 10 shells back.,Original,OtherKid2
line:cee2d4,...,...,,Player,OtherKid2
line:8b081d,genieß deine muscheln,enjoy your shells,,Original,OtherKid2
line:e00588,was ist dein ding,so what's your deal,If the player talks to them again after finishing the job.,Player,OtherKid2
line:24a68b,handle mit muscheln,i deal in shells,,Original,OtherKid2
line:602c59,hmm,hmm,,Player,OtherKid2
line:23b2bf,"hey, du",hey kid,,Original,ToughBirdStart
line:90ce75,willst du goldene federn kaufen?,you wanna buy some golden feathers?,,Original,ToughBirdStart
line:76bd02,"ja, ok",yeah ok,Dialogue choice.,Player,ToughBirdStart
line:f3133d,"nö, passt schon",nah i'm ok,Dialogue choice.,Player,ToughBirdStart
line:db76a0,"heh, cool","heh, cool",If player agrees.,Original,ToughBirdStart
line:f4eec9,kostet 100 münzen pro feder,it'll be 100 coins per feather,,Original,ToughBirdStart
line:fea20f,..aber,..but,,Player,ToughBirdStart
line:8be3b9,das ist mehr als doppelt so\nviel wie im besucherzentrum!,that's more than twice as\nmuch as the visitor center!,,Player,ToughBirdStart
line:b6d16a,dann kauf deine federn eben da,go buy feathers from them then,,Original,ToughBirdStart
line:cb8a78,aber,but,Only if the player has bought all the feathers from the visitor center.,Player,ToughBirdStart
line:71146a,die sind ausverkauft!,they're all sold out!,,Player,ToughBirdStart
line:215221,heh,heh,,Original,ToughBirdStart
line:b10f86,dann hast du wohl pech gehabt,i guess you're out of luck,,Original,ToughBirdStart
line:498089,...,...,Jump to ToughBirdSell.,Original,ToughBirdStart
line:32649d,vielleicht doch!,maybe i will!,Only if the player hasn't bought all the feathers from the visitor center.,Player,ToughBirdStart
line:78d68c,...,...,Jump to ToughBirdSell.,Original,ToughBirdStart
line:e79884,wie du willst,"whatever, suit yourself",If the player declines.,Original,ToughBirdStart
line:5303e7,hey,hey,If the player talks to Tough Bird after befriending them.,Original,ToughBirdSell
line:4e66f4,was geht?,what's up?,,Original,ToughBirdSell
line:6a5ae2,kann ich eine feder kaufen?,can i buy a feather?,Dialogue choice.,Player,ToughBirdSell
line:92eaee,man sieht sich,see ya,Dialogue choice.,Player,ToughBirdSell
line:eaeb24,"man, du hast alle meine federn gekauft...","dang, you bought all my feathers...","If player talks to them after having bought all their feathers, and they aren't friends.",Original,ToughBirdSell
line:2ff1f5,was ist dein ding?,what's your deal?,Dialogue choice.,Player,ToughBirdSell
line:c094ee,man sieht sich,see ya,Dialogue choice.,Player,ToughBirdSell
line:f01405,willst du geld für die uni?,do you want money for tuition?,Dialogue choice.,Player,ToughBirdSell
line:053d25,man sieht sich,see ya,Dialogue choice.,Player,ToughBirdSell
line:d9dd5e,was geht?,what's up?,Dialogue choice.,Player,ToughBirdSell
line:1bff1a,man sieht sich,see ya,Dialogue choice.,Player,ToughBirdSell
line:af914d,...kaufst du jetzt meine\nfedern oder was?,...so you gonna buy\nmy feathers or what?,,Original,ToughBirdSell
line:c82875,na gut,fine,Dialogue choice.,Player,ToughBirdSell
line:df0fda,nö!,nope!,Dialogue choice.,Player,ToughBirdSell
line:385a65,was ist dein ding?,what's your deal?,Dialogue choice.,Player,ToughBirdSell
line:71fb21,willst du geld für die uni?,do you want money for tuition?,Dialogue choice.,Player,ToughBirdSell
line:2887d6,was geht?,what's up?,Dialogue choice.,Player,ToughBirdSell
line:66b166,heh,heh,,Original,ToughBirdBuyFeather
line:a8cb2d,"na gut, rück's raus","alrighty then, pay up",,Original,ToughBirdBuyFeather
line:ac38da,man riecht sich!,smell ya later,,Original,ToughBirdBuyFeather
line:358cb1,ähm,um,,Original,ToughBirdBuyFeather
line:9281af,du hast ja nicht mal 100 münzen,you don't even have 100 coins,If the player doesn't have enough money to buy a feather.,Original,ToughBirdBuyFeather
line:96351a,...,...,,Player,ToughBirdBuyFeather
line:ae3666,ich senk meine preise nicht,i'm not gonna lower my prices,,Original,ToughBirdBuyFeather
line:ffc758,ich biete einen service!,i provide a service!,,Original,ToughBirdBuyFeather
line:4773e7,es ist {{Time}},it's {{Time}},If the player checks the watch object in their inventory.,Original,CheckWatch
line:e9a17a,da steht...,it says...,"If the player reads the treasure map ""The Kings Throne."" This poem rhymes and describes a treasure in the area Royal Ridge that is on top of a bike rock that looks like a throne.",Original,TMap3
line:687188,Südlich vom steinernen Turm\nÜber die Flussbrücke hinweg,South of the stone tower\nAcross the river bridge,,Original,TMap3
line:4a4ba8,Ein einsamer Sitz zerfällt dort\nOben auf dem Königsgrat,A lonely seat sits crumbling\nUpon the Royal Ridge,,Original,TMap3
line:2315c9,"ich glaub, die hab ich schon gefunden!",i think i've already found this one!,,Player,TMap3
line:da94ef,da steht...,it says...,If the player reads a treasure map for Sid Beach. This rhymes.,Original,TMap4
line:554d84,Ich hielt meinen Schatz vor der Welt verborgen\nDoch nie zu weit von der Hand,I hid my treasure from the world\nBut never far from reach,,Original,TMap4
line:7165cf,Er ruht zwischen den moosigen Steinen\nDie liegen am Sid-Strand,It rests between the mossy stones\nThat lie upon Sid Beach,,Original,TMap4
line:e74a50,"ich glaub, die hab ich schon gefunden!",i think i've already found this one!,,Player,TMap4
line:380436,langsam gehen ist gefährlich!,it's dangerous to go slow!,A random jogging rabbit will say this if you talk to them.,Original,RunRabbitStart
line:919e94,genau deshalb,that's why,,Original,RunRabbitStart
line:ba4ba9,geh ich schnell,i go fast,,Original,RunRabbitStart
line:cd416b,"hey, du schon wieder!",hey it's you again!,This is the same character from FoxStart.,Original,IceHikerStart
line:38c79a,hey!,hey!,"If the player hasn't met them before, this is said.",Original,IceHikerStart
line:60dc80,wir sind fast oben...,we're almost at the top...,,Original,IceHikerStart
line:b62814,aber,but,,Original,IceHikerStart
line:02ff37,"sieht aus, als wäre die\nbrücke eingestürzt?",it looks like the\nbridge collapsed?,,Original,IceHikerStart
line:d6397b,...,...,,Original,IceHikerStart
line:1b116a,es gibt vielleicht einen <color=red>anderen weg</color> nach oben...,there might be <color=red>another way</color> up...,,Original,IceHikerStart
line:e2a2f5,oder,or,,Original,IceHikerStart
line:dc526c,ich könnte auch einfach mehr\ngoldene federn sammeln gehen?,i could just go collect\nmore golden feathers?,,Original,IceHikerStart
line:eea8f5,mist,dang,If the player talks to them again.,Original,IceHikerStart
line:ec7a9d,ich wollte echt ein foto\nvon oben machen,i really wanted to get\na photo from the top,,Original,IceHikerStart
line:38ba05,"weiß nicht, was\nich jetzt machen soll",i'm not sure what\ni'll do now,,Original,IceHikerStart
line:af56ff,...,...,,Original,IceHikerStart
line:8887af,ich hab gehört,i heard,,Original,IceHikerStart
line:e2cf23,früher gab's mal einen weg\nentlang der dunklen\nseite des berges,there used to be a route\nthat went along the dark\nside of the mountain,,Original,IceHikerStart
line:899970,aber,but,,Original,IceHikerStart
line:cc9db2,den haben sie vor langer zeit gesperrt,they closed it a long time ago,,Original,IceHikerStart
line:b20bd2,ob der wohl noch begehbar ist?,i wonder if it's still usable?,,Original,IceHikerStart
line:c08238,falls du einen weg nach oben findest,if you manage to find a way up,If the player talks to them again.,Original,IceHikerStart
line:b831d9,sagst du mir dann bescheid?,can you let me know?,,Original,IceHikerStart
line:bc247c,klar!,sure!,,Player,IceHikerStart
line:932396,ich hol dich dann ab,i'll come back for you,,Player,IceHikerStart
line:a3773d,heute findet ein marathon\nlauf am Meteorsee statt!,there's gonna be a marathon\nrace at Meteor Lake today!,This is a random dog hiker in the beginning area of the game.,Original,BeachHikerStart
line:46507b,die konkurrenz ist dieses jahr hart!,the competition this year is fierce!,,Original,BeachHikerStart
line:582366,mein neffe läuft beim marathon mit,my nephew is running in the marathon,If the player talks to them again.,Original,BeachHikerStart
line:a5c85c,er trainiert schon den ganzen morgen,he's been out training all morning,,Original,BeachHikerStart
line:e2275b,"wenn du ihn da draußen siehst,","if you see him out there,",,Original,BeachHikerStart
line:ff486e,"pass auf, dass er pausen macht!",make sure he's taking breaks!,,Original,BeachHikerStart
line:c6b196,"und pass auf, dass er\ngenug wasser trinkt!",also make sure he's\ndrinking lots of water!,If the player talks to them again.,Original,BeachHikerStart
line:3e2b7d,trinken nicht unterschätzen!,never overlook hydration!,,Original,BeachHikerStart
line:e0de25,ich hab da so gerüchte gehört,i've heard some rumors,This is a crocodile character walking along the beach.,Original,LowerHikerStart
line:a70ba4,magst du gerüchte?,do you like rumors?,,Original,LowerHikerStart
line:a6bbd0,ein bisschen schon,i dabble,,Player,LowerHikerStart
line:b7af78,"ok, hör mir zu",ok hear me out,,Original,LowerHikerStart
line:5b466b,Jim hat sich gerade nen metalldetektor gekauft,jim just bought a metal detector,,Original,LowerHikerStart
line:2de9cb,er ist gestern rumgerannt,he was running around yesterday,,Original,LowerHikerStart
line:47eead,und hat auf der insel nach zeug gesucht,looking for stuff around the island,,Original,LowerHikerStart
line:f610c5,es war völlig durchgeknallt!,it was going nutso!,,Original,LowerHikerStart
line:328d7a,"sieht aus, als wär überall\nauf der insel zeug vergraben?!",seems like there's stuff\nburied all over the island?!,,Original,LowerHikerStart
line:bc4834,was für zeug?,what kind of stuff?,,Player,LowerHikerStart
line:7b23af,keine ahnung,i dunno,,Original,LowerHikerStart
line:cb9371,metallzeug?,metal stuff?,,Original,LowerHikerStart
line:2374ec,Jim besitzt gar keine <color=red>schaufel</color>,jim doesn't actually own <color=red>a shovel</color>,If the player talks to them again.,Original,LowerHikerStart
line:58caf1,also...,so...,,Original,LowerHikerStart
line:fd26dc,er konnte nichts davon ausgraben,he wasn't able to dig any of it up,,Original,LowerHikerStart
line:2fb782,"ok, willst du noch ein gerücht hören",ok so you wanna hear another rumor,If the player talks to them again.,Original,LowerHikerStart
line:9af4a9,"klar, warum nicht",sure why not,,Player,LowerHikerStart
line:9a8e19,"also, deborah war neulich\noben am Aussichtspunkt",so deborah was up at\nOutlook Point the other day,,Original,LowerHikerStart
line:f7c5cc,"sie meinte, als sie durchs\nfernglas geschaut hat,","she said, that when she\nlooked through the binoculars",,Original,LowerHikerStart
line:cbb413,hat sie eine... gesehen,she could see a...,,Original,LowerHikerStart
line:a4c81c,GEHEIMNISVOLLE INSEL,MYSTERIOUS ISLAND,,Original,LowerHikerStart
line:353e7d,wie geheimnisvoll!!,how mysterious!!,,Player,LowerHikerStart
line:7781fd,willst du noch ein gerücht hören?,so you want to hear another rumor?,If the player talks to them again.,Original,LowerHikerStart
line:d96cbb,alles klar,alright,,Player,LowerHikerStart
line:fe272d,"tja, ich bin leer",well i'm all out,,Original,LowerHikerStart
line:3a1dd5,ist ok,that's ok,,Player,LowerHikerStart
line:95505d,ach mensch,aww heck,This is a small frog character building sandcastles on the beach. This dialogue runs if they have been given the shovel.,Original,FrogMiniStart
line:1a8c04,meine produktivität geht mit\nso einer schaufel voll\ndurch die decke,my productivity is\ngonna skyrocket with\na shovel like this,,Original,FrogMiniStart
line:5e04ad,"man sieht sich,","i'll catch ya later,",,Original,FrogMiniStart
line:5d36db,ich hab noch viel\nzu tun,i've got a lot\nof work to do,,Original,FrogMiniStart
line:f4121f,"hey, schau dir die\nschaufel an, die ich gefunden hab",hey check out this\nshovel i found,This dialogue runs if the player has a shovel to give them.,Player,FrogMiniStart
line:1bc8fc,die passt vielleicht besser zu dir,it might be a little more your size,Jump to FrogTrade.,Player,FrogMiniStart
line:1bf15e,hey alter,hey dude,,Player,FrogMiniStart
line:9e26ee,was geht ab,what's happening,,Player,FrogMiniStart
line:0dcad0,"ach, du weißt schon!","oh, you know!",,Original,FrogMiniStart
line:456ef9,chill einfach am strand ab,just jammin' out on the beach,,Original,FrogMiniStart
line:91fe35,bau sandburgen\nund so zeug,building sandcastles\nand what not,,Original,FrogMiniStart
line:f7a787,klingt nach ner guten zeit,sounds like a good time,,Player,FrogMiniStart
line:2d4144,und wie,you know it,,Original,FrogMiniStart
line:b4e558,kann ich mir deine schaufel leihen?,can i borrow your shovel?,Dialogue choice.,Player,FrogMiniStart
line:41aac2,man sieht sich,see ya later,Dialogue choice.,Player,FrogMiniStart
line:d68cec,sorry alter,sorry bud,,Original,FrogMiniStart
line:7f7e58,ich brauch sie für den sandburgenbau,i need it for sandcastle construction,,Original,FrogMiniStart
line:043a03,ist die nicht n bisschen groß dafür?,isn't it a little big for that?,,Player,FrogMiniStart
line:3d0e29,"ja, aber",yeah but,,Original,FrogMiniStart
line:f0910a,so sind schaufeln halt,that's just how shovels are,,Original,FrogMiniStart
line:6faeaa,es gibt auch kleinere,you can get smaller ones,,Player,FrogMiniStart
line:4aac4b,welche extra für sandburgen,ones made for sandcastles,,Player,FrogMiniStart
line:49299e,waas?,whaat?,,Original,FrogMiniStart
line:286be3,klingt erfunden,sounds fake,,Original,FrogMiniStart
line:0ad3b3,ich hab genau sowas dabei!,i've got one on me!,If the player has a shovel during this dialogue.,Player,FrogMiniStart
line:479942,"hier, schau dir das an","here, take a look at this",Jump to FrogTrade.,Player,FrogMiniStart
line:0782a1,aber wenn du mir eine zeigen kannst,but if you can show me one,If the player doesn't have a shovel during this dialogue.,Original,FrogMiniStart
line:fafd82,würd ich gern tauschen,i'd be glad to trade,,Original,FrogMiniStart
line:996361,wenn du mir ne besser\npassende schaufel findest,if you can find me\na better suited shovel,If the player asks to borrow their shovel again without one.,Original,FrogMiniStart
line:ab9fa7,wär ich total dabei zu tauschen,i'd be totes down to trade,,Original,FrogMiniStart
line:2f89a6,bleib frisch!,keep it fresh!,When the player says goodbye to the Frog.,Original,FrogMiniStart
line:cd4f15,meine sandburg ist jetzt\nteil einer sandstadt!,my sandcastle is now\npart of a sandcity!,If you talk to the Frog after they have built more sandcastles.,Original,FrogElections
line:b9884b,und außerdem,and also,,Original,FrogElections
line:212896,ich kandidiere bei einer HART\numkämpften bürgermeisterwahl,i'm running in a HOTLY\ncontested election for mayor,,Original,FrogElections
line:98996e,"oh, warte kurz...",oh hold on...,,Original,FrogElections
line:2d62a8,die wahlergebnisse\nkommen GERADE rein!,the election results\nare JUST coming in!,,Original,FrogElections
line:980c18,!!,!!,,Player,FrogElections
line:d5569e,okay okay,okay okay,,Original,FrogElections
line:c83615,ich zähl sie gerade aus,im tallying them up,,Original,FrogElections
line:5f5ab3,...,...,,Original,FrogElections
line:afa212,DRITTER PLATZ!?,THIRD PLACE!?,,Original,FrogElections
line:854dfd,waaas!,whaaat!,,Original,FrogElections
line:4b0021,ich hab diese stadt erbaut!,i built this city!,,Original,FrogElections
line:b7b7e3,sorry wegen der niederlage,sorry about the loss,If you talk to the frog again after the third place.,Player,FrogElections
line:9db94d,es war ein hartes rennen,it was a tough race,,Original,FrogElections
line:a34d21,aber es ist ok,but it's ok,,Original,FrogElections
line:6d4cd5,ich hab mir immerhin einen sitz\nim stadtrat gesichert,i managed to secure a seat\non the city council,,Original,FrogElections
line:42e074,hmm,hmm,"The rabbit headband character, if you talk to her wearing the headband she's looking for.",Original,RaceRabbitStart
line:8a0950,äh,uh,,Original,RaceRabbitStart
line:ce3b30,ja?,yeah?,,Player,RaceRabbitStart
line:b5c025,"das stirnband, das du trägst",that headband you're wearing,,Original,RaceRabbitStart
line:7347fa,oh äh!,oh uh!,,Player,RaceRabbitStart
line:9c5e91,richtig,right,,Player,RaceRabbitStart
line:0d9622,"hier, das hab ich gefunden","here, i found this",Jump to GiveRabbitHeadband.,Player,RaceRabbitStart
line:ca6f2a,schon glück gehabt beim\nsuchen meines stirnbands?,any luck finding\nmy headband yet?,"If you talk to her after getting the headband, but not wearing it.",Player,RaceRabbitStart
line:4aa411,nun,well,,Player,RaceRabbitStart
line:d16266,ich hab das hier gefunden...,i found this...,Jump to GiveRabbitHeadband.,Player,RaceRabbitStart
line:3598c9,äh..,uh..,When talking to the rabbit character for the first time.,Original,RaceRabbitStart
line:526327,hmm!,hmm!,,Original,RaceRabbitStart
line:ac78dd,hi!,hi!,,Player,RaceRabbitStart
line:14465a,HII!!!,HII!!!,,Original,RaceRabbitStart
line:20f3db,"äh, alles ok bei dir?","uh, are you ok?",,Player,RaceRabbitStart
line:04c38d,ähh!,uhh!,,Original,RaceRabbitStart
line:622b29,nicht wirklich...,not really...,,Original,RaceRabbitStart
line:15e552,ich soll heute bei\neinem marathon mitlaufen,i'm supposed to run\na marathon race today,,Original,RaceRabbitStart
line:c4af1f,aber ich hab mein glücks-\nstirnband verloren!!,but i've lost my lucky\nheadband!!,,Original,RaceRabbitStart
line:3e1f3c,"ich hab's bei JEDEM\nrennen getragen, das ich je gelaufen bin!",i've worn it to EVERY\nrace i've ever run!,,Original,RaceRabbitStart
line:0c18ad,ich...,i...,,Original,RaceRabbitStart
line:1c4bea,"ich weiß nicht, ob ich ohne\nes laufen könnte",i don't know if i could\nrace without it,,Original,RaceRabbitStart
line:14481a,wo hast du's verloren?,where'd you lose it?,,Player,RaceRabbitStart
line:3e80d4,irgendwo im Schwarzholzwald,somewhere in Blackwood Forest,,Original,RaceRabbitStart
line:aa27b9,...,...,,Original,RaceRabbitStart
line:3c03ee,ich glaub...,i think...,,Original,RaceRabbitStart
line:ddb376,ich könnte für dich danach suchen,i could take a look for you,,Player,RaceRabbitStart
line:40eef8,wirklich!?,really!?,,Original,RaceRabbitStart
line:ea60ac,das würdest du für mich tun?,you'd do that for me?,,Original,RaceRabbitStart
line:ffac2a,klar!,sure!,,Player,RaceRabbitStart
line:9171bb,!!,!!,,Original,RaceRabbitStart
line:8ab296,es ist ein <color=red>rotes stirnband</color>,it's a <color=red>red headband</color>,,Original,RaceRabbitStart
line:678691,...ich kann dir eine belohnung geben!,...i can give you a reward!,,Original,RaceRabbitStart
line:da4c6c,ich könnte dir ein\n<color=red>paar laufschuhe</color> geben,i could give you a\n<color=red>pair of running shoes</color>,,Original,RaceRabbitStart
line:c4a22d,brauchst du die nicht selbst?,don't you need those yourself?,,Player,RaceRabbitStart
line:70f431,na ja,well,,Original,RaceRabbitStart
line:cb2831,ich werd grad von so\neiner schuhfirma gesponsert,i just got sponsored\nby this shoe company,,Original,RaceRabbitStart
line:f5df81,die haben mir wie 10 paar gegeben,they gave me like 10 pairs,,Original,RaceRabbitStart
line:bc41ac,woah!,woah!,,Player,RaceRabbitStart
line:30f083,glückwunsch,congrats,,Player,RaceRabbitStart
line:abf228,oh!!,oh!!,,Original,RaceRabbitStart
line:56b96b,haha... danke,haha... thanks,,Original,RaceRabbitStart
line:4df55c,aber ähh,but uhh,,Original,RaceRabbitStart
line:5c0042,"sag mir bescheid, wenn du ein\n<color=red>rotes stirnband</color> siehst!",let me know if you see\na <color=red>red headband!</color>,,Original,RaceRabbitStart
line:62734e,ich hab's ihr gegeben,i gave it to her,"The turtle who gives you the headband, if you talk to them after giving the headband to the rabbit.",Player,RaceTurtleStart
line:82f377,also ist sie wieder im rennen?,so she's back in the race?,,Original,RaceTurtleStart
line:1bbd37,ja!,yes!,,Player,RaceTurtleStart
line:4b1458,genial,awesome,,Original,RaceTurtleStart
line:8eae37,"schön, dass ich helfen konnte!",i'm glad i could help!,,Original,RaceTurtleStart
line:808a70,sie hat das stirnband\naber zurückgegeben,"she returned the\nheadband, though","If the rabbit decided she didn't need the headband, this will run.",Player,RaceTurtleStart
line:e8d4f8,sie schien inspiriert,she seemed inspired,,Player,RaceTurtleStart
line:a1d290,"ich glaub, sie will versuchen\nohne glück zu gewinnen",i think she wants to\ntry and win luck-free,,Player,RaceTurtleStart
line:d90a2d,"ich glaub nicht, dass sie es braucht!",i don't think she needs it!,,Original,RaceTurtleStart
line:652de5,aber weißt du was,but you know what,,Original,RaceTurtleStart
line:613427,behalt doch einfach das stirnband,why don't you keep the headband,,Original,RaceTurtleStart
line:26948a,dann sind wir quitt!,that way we'll be equal!,,Original,RaceTurtleStart
line:75c136,äh,uh,,Player,RaceTurtleStart
line:8fba5b,"denkst du wirklich, das spielt ne rolle?",do you really think it matters?,,Player,RaceTurtleStart
line:0b986b,na ja...,well...,,Original,RaceTurtleStart
line:37440b,wahrscheinlich nicht,probably not,,Original,RaceTurtleStart
line:beab1b,aber,but,,Original,RaceTurtleStart
line:cca72a,nur um sicherzugehen,just to be safe,,Original,RaceTurtleStart
line:e00e7e,"sag mir, wie's gelaufen ist!",let me know how it goes!,If the turtle has given the player the headband but they haven't delivered it.,Original,RaceTurtleStart
line:4af7e6,oh äh...,oh uh...,If the player talks to the turtle after starting the headband quest.,Player,RaceTurtleStart
line:3ff0aa,"komische frage, aber","weird question, but",,Player,RaceTurtleStart
line:aae633,wo hast du das stirnband her?,where'd you get that headband?,,Player,RaceTurtleStart
line:eadc96,äh...,uh...,,Original,RaceTurtleStart
line:d22c70,ich weiß nicht,i don't know,,Original,RaceTurtleStart
line:4fa42d,ich hab's schon ewig,i've had it for ages,,Original,RaceTurtleStart
line:afffa9,wieso?,why?,,Original,RaceTurtleStart
line:399b5c,ach naja,ah well,,Player,RaceTurtleStart
line:6c4ba7,ich hab gerade mit diesem hasen geredet,i was just talking to this rabbit,,Player,RaceTurtleStart
line:59a3a6,"sie meinte, sie hat ihr stirnband\nirgendwo im wald verloren",she said she lost her headband\nsomewhere in the forest,,Player,RaceTurtleStart
line:93be9c,oh! meinst du Sue?,oh! you mean Sue?,,Original,RaceTurtleStart
line:922d13,vielleicht?,maybe?,,Player,RaceTurtleStart
line:b55f42,ihren namen weiß ich nicht,i didn't get her name,,Player,RaceTurtleStart
line:ce568d,sie hat sich aber wirklich\nsorgen gemacht,she was really worried\nabout it though,,Player,RaceTurtleStart
line:b847d8,"sie meinte, es bringt glück und\nsie braucht es fürs rennen",she said it was lucky and\nshe needs it to race,,Player,RaceTurtleStart
line:dc0d86,ich soll heute später\ngegen sie antreten!,i'm supposed to race\nher later today!,,Original,RaceTurtleStart
line:273442,"sie ist so talentiert, ich hab\nmich echt drauf gefreut!","she's so talented, i've been\nreally looking forward to it!",,Original,RaceTurtleStart
line:2046b6,hmm,hmm,,Original,RaceTurtleStart
line:929f1d,"was, wenn ich dir meins gebe?",what if i gave you mine?,,Original,RaceTurtleStart
line:b240c1,"ich bin mir ziemlich sicher, es ist die gleiche art",i'm pretty sure it's the same kind,,Original,RaceTurtleStart
line:69d63c,vielleicht merkt sie's ja gar nicht?,maybe she wouldn't notice?,,Original,RaceTurtleStart
line:16d732,"oh, hmm...","oh, hmm...",,Player,RaceTurtleStart
line:ef9f2b,aber,but,,Player,RaceTurtleStart
line:b1a869,dann wär's doch nicht glücksbringend?,then it wouldn't be lucky?,,Player,RaceTurtleStart
line:0258ab,"ah, keine ahnung","ah, i dunno",,Original,RaceTurtleStart
line:791844,nimm's einfach,just take it,,Original,RaceTurtleStart
line:9e0da2,"schau, ob sie's haben will",see if she wants it,,Original,RaceTurtleStart
line:fb32fb,was geht?,what's up?,If the player talks to the turtle before the headband quest.,Player,RaceTurtleStart
line:3b6dd5,ich jogge nur,i'm just jogging,,Original,RaceTurtleStart
line:ea4716,wärm mich auf für ein rennen später heute,warming up for a race later today,,Original,RaceTurtleStart
line:84fda1,ich bin ein bisschen nervös,i'm a little nervous,,Original,RaceTurtleStart
line:724568,da werden echt viele\ngute läufer sein!,there's gonna be a lot of\nskilled runners there!,,Original,RaceTurtleStart
line:df4afe,muss flitzen!,gotta go speedy!,If the player talks to the turtle again.,Original,RaceTurtleStart
line:76aaed,nur ich und mein <color=red>rotes stirnband!</color>,just me and my <color=red>red headband!</color>,,Original,RaceTurtleStart
line:02fd75,"<sprite name=""LeftArrow"" tint=1> Zurück zur Habichtsgipfel-Insel","<sprite name=""LeftArrow"" tint=1> Back To Hawk Peak Island",,Original,ToMainIslandStart
line:1c0f97,woah,woah,If the player talks to the frog after they've expanded their sandcastle city EVEN MORE.,Player,FrogProvincialElections
line:b78d1a,"die stadt ist echt\ngewachsen, was?",the city has really\nbeen growing huh?,,Player,FrogProvincialElections
line:9816e0,"oh, das ist keine sandstadt mehr",oh this isn't a sand city any more,,Original,FrogProvincialElections
line:4990c7,das ist eine sandprovinz!,this is a sand province!,,Original,FrogProvincialElections
line:fb702b,dieses mal,this time,,Original,FrogProvincialElections
line:deae8d,ich kandidiere als premier\nbei den provinzwahlen!,i'm running for premier\nin the provincial elections!,,Original,FrogProvincialElections
line:46ef13,"klar, als bürgermeister wurde ich nicht gewählt","sure, i wasn't elected as mayor",,Original,FrogProvincialElections
line:7c8950,aber dieses mal,but this time,,Original,FrogProvincialElections
line:482eea,ich setz voll\nauf öffentlichkeitsarbeit,i'm really doubling\ndown on outreach,,Original,FrogProvincialElections
line:454b91,"und ich bewerbe maßnahmen,\ndie bei meinen schlüssel-\nbezirken echt ankommen",and i'm promoting policies\ni really think will resonate\nwith my key districts,,Original,FrogProvincialElections
line:d300d2,sobald ich gewählt bin,once i'm elected,,Original,FrogProvincialElections
line:abd4e5,kann ich meinen\nprovinz-einfluss nutzen,i'll be able to use\nmy provincial influence,,Original,FrogProvincialElections
line:583dfc,"um endlich die stadt zu\nkontrollieren, die mich verstieß!",to finally exert control over\nthe city that shunned me!,,Original,FrogProvincialElections
line:bd795e,AHAHAHAHAA!,AHAHAHAHAA!,,Original,FrogProvincialElections
line:b3acd5,...,...,,Player,FrogProvincialElections
line:e46429,woah,woah,,Player,FrogProvincialElections
line:16fd54,"und das erste gesetz, das ich erlasse,",and the first legislation i'll pass,,Original,FrogProvincialElections
line:2c0bfd,wird meine verbündeten\nim parlament stärken,will exist to consolidate\nmy allies in parliament,,Original,FrogProvincialElections
line:1a6669,das zweite gesetz,the second legislation,,Original,FrogProvincialElections
line:763841,GRATIS SÜSSIGKEITEN FÜR ALLE!!,FREE CANDY FOR ALL!!,,Original,FrogProvincialElections
line:3420b4,AHAHAHAH!!,AHAHAHAH!!,,Original,FrogProvincialElections
line:50517f,also...,so...,If the player talks to the frog again.,Player,FrogProvincialElections
line:f93dca,wie läuft der wahlkampf?,how's the campaigning going?,,Player,FrogProvincialElections
line:e883ea,super gut!!,super good!!,,Original,FrogProvincialElections
line:59142c,"denkst du wirklich, es ist glück?",so do you really think it's luck?,If the player talks to the rabbit after delivering the headband to her.,Player,RabbitWithHeadband
line:b1968a,na ja,well,,Original,RabbitWithHeadband
line:b4ccae,ich weiß nicht,i don't know,,Original,RabbitWithHeadband
line:fe2d86,ich bin so weit gekommen,i've gotten this far,,Original,RabbitWithHeadband
line:820490,und,and,,Original,RabbitWithHeadband
line:d4a604,es liegt nur an mir,it's just me,,Original,RabbitWithHeadband
line:217933,irgendwie...,like...,,Original,RabbitWithHeadband
line:b2e215,...es muss glück sein,...it's got to be luck,,Original,RabbitWithHeadband
line:3eb454,"na ja, vielleicht ein bisschen",well maybe a little,,Player,RabbitWithHeadband
line:cb5918,aber,but,,Player,RabbitWithHeadband
line:9c3840,du bist so schnell!,you're so fast!,,Player,RabbitWithHeadband
line:24806b,und du hast so viel trainiert!,and you've trained so much!,,Player,RabbitWithHeadband
line:8f1d61,"du bist so weit gekommen,\nweil du GUT bist!",you got this far\ncuz you're GOOD!,,Player,RabbitWithHeadband
line:d6b5ef,aw,aw,,Original,RabbitWithHeadband
line:972ef1,...,...,,Original,RabbitWithHeadband
line:d39233,...ja,...yeah,,Original,RabbitWithHeadband
line:22e728,ich weiß,i know,,Original,RabbitWithHeadband
line:9a4de1,"ich glaub, ich wusste es schon immer",i think i've known all along,,Original,RabbitWithHeadband
line:a77040,aber,but,,Original,RabbitWithHeadband
line:6c5cd7,ich weiß nicht,i don't know,,Original,RabbitWithHeadband
line:2f57d9,ich werd so nervös,i get so nervous,,Original,RabbitWithHeadband
line:cd435e,"manchmal frag ich mich, ob\ndas alles nur zufall ist",sometimes i wonder if\nthis is all a fluke,,Original,RabbitWithHeadband
line:45cfa5,...,...,,Original,RabbitWithHeadband
line:3db99d,aber du hast recht!,but you're right!,,Original,RabbitWithHeadband
line:87c100,ich brauch kein glück,i don't need luck,,Original,RabbitWithHeadband
line:05e2ec,"hier, du kannst das\nstirnband zurückhaben","here, you can have\nthe headband back",,Original,RabbitWithHeadband
line:6e004d,ich schaff das jetzt\nganz allein!,i'm gonna do this\nall on my own!,,Original,RabbitWithHeadband
line:46396b,woah,woah,,Player,RabbitWithHeadband
line:c4e495,danke!,thanks!,,Player,RabbitWithHeadband
line:0072ab,viel glück beim rennen,good luck in the race,,Player,RabbitWithHeadband
line:cedcc0,du schaffst das!!,you've got this!!,,Player,RabbitWithHeadband
line:cbbe18,"sorry, ich kann grad nicht quatschen","sorry, i can't chat right now",If the player talks to her again.,Player,RabbitWithHeadband
line:be4f50,ich muss mich mental und\nkörperlich aufs rennen vorbereiten!,i've gotta prepare mentally and\nphysically for the race!,,Player,RabbitWithHeadband
line:af92f5,man sieht sich!,see ya around!,,Player,RabbitWithHeadband
line:f07c9b,"<sprite tint=1 name=""UpArrow""> Habichtsgipfelpfad","<sprite tint=1 name=""UpArrow""> Hawk Peak Trail",,Original,HawkPeakAltSignStart
line:49d9a1,"<sprite tint=1 name=""Warning""> HINWEIS <sprite tint=1 name=""Warning"">","<sprite tint=1 name=""Warning""> NOTICE <sprite tint=1 name=""Warning"">",,Original,HawkPeakAltSignStart
line:29e1de,<color=yellow>Habichtsgipfelpfad</color> ist eine anstrengende wanderung!,<color=yellow>Hawk Peak Trail</color> is a strenuous hike!,,Original,HawkPeakAltSignStart
line:48c18d,"Du brauchst eventuell <color=yellow>goldene\nfedern</color>, um sie zu schaffen.",You might need <color=yellow>golden\nfeathers</color> to complete it.,,Original,HawkPeakAltSignStart
line:fa84c0,<color=yellow>Goldene Federn</color> sind im\n<color=yellow>Besucherzentrum</color> erhältlich.,<color=yellow>Golden feathers</color> are for sale\nat the <color=yellow>visitor center.</color>,,Original,HawkPeakAltSignStart
line:7388e5,"geschwindigkeit ist mein name,\nrennen ist mein spiel!",speed's my name and\nracing is my game!,If you talk to the turtle after all the headband quest stuff has been exhausted.,Original,RaceTurtleAfter
line:23d25d,eigentlich heiß ich Taylor,actually my name is Taylor,,Original,RaceTurtleAfter
line:201ebc,aber ja,but yeah,,Original,RaceTurtleAfter
line:6d2090,"das wichtigste, woran\ndu dich erinnern solltest, ist",the important thing\nto remember is that,,Original,RaceTurtleAfter
line:8ce4e4,ich bin schnell,i go fast,,Original,RaceTurtleAfter
line:21411e,also äh,so uh,If you talk to the turtle while wearing the headband after having gotten it back from the rabbit.,Original,WearingTurtleHat
line:8f2c69,behältst du das stirnband\njetzt einfach selbst?,are you just gonna keep\nthe headband yourself?,,Original,WearingTurtleHat
line:5546c7,nein!,no!,,Player,WearingTurtleHat
line:404764,"hm, also","um, well",,Player,WearingTurtleHat
line:94dd0b,Sue hat's mir eigentlich zurückgegeben,Sue actually gave it back,,Player,WearingTurtleHat
line:46d435,"sie meinte, sie will sich nicht\nmehr auf glück verlassen",she said she doesn't wanna\nrely on luck anymore,,Player,WearingTurtleHat
line:535119,das ist toll!,that's great!,,Original,WearingTurtleHat
line:99d2d2,es ist NICHT glück,it's NOT luck,,Original,WearingTurtleHat
line:a8e13e,sie ist sehr talentiert,she's very talented,,Original,WearingTurtleHat
line:8ce0f2,willst du das stirnband zurück?,so do you want the headband back?,,Player,WearingTurtleHat
line:b92c11,eh,eh,,Original,WearingTurtleHat
line:8bd0cd,du magst es wohl,you seem to like it,,Original,WearingTurtleHat
line:6bc6e4,du kannst es behalten,you can have it,,Original,WearingTurtleHat
line:771311,hmm,hmm,,Original,WearingTurtleHat
line:766c86,das stirnband kommt mir bekannt vor,that headband looks familiar,If you try on the headband after getting it from the turtle.,Original,WearingTurtleHat
line:7c21a4,"oh, hm",oh um,,Player,WearingTurtleHat
line:66a5b7,ich probier nur...,i'm just...,,Player,WearingTurtleHat
line:db3fc8,"mal schauen, wie's passt",seeing out how fits,,Player,WearingTurtleHat
line:edfd80,es sah bequem aus,it looked comfy,,Player,WearingTurtleHat
line:3e41a9,"ja, es ist ziemlich gut",yeah it's pretty good,,Original,WearingTurtleHat
line:fc7c57,also...,so...,If you talk to them again in this situation.,Original,WearingTurtleHat
line:d07a27,du testest mein\nstirnband immer noch?,you're still giving my\nheadband a trial run?,,Original,WearingTurtleHat
line:66311b,ähh,uhh,,Player,WearingTurtleHat
line:df8a6c,es ist nur,it's just,,Player,WearingTurtleHat
line:e63954,meine taschen sind ziemlich voll,my pockets are pretty full,,Player,WearingTurtleHat
line:4d554f,so lässt es sich am einfachsten tragen,this is the easiest way to carry it,,Player,WearingTurtleHat
line:a9b055,fair genug,fair enough,,Original,WearingTurtleHat
line:da259b,hmm...,hmm...,"If you talk to the rabbit with the headband, completing the delivery.",Original,GiveRabbitHeadband
line:9fc921,das ist es nicht,that's not it,,Original,GiveRabbitHeadband
line:33e75b,die schweißflecken sind nicht\nan der richtigen stelle,the sweat stains aren't\nin the right place,,Original,GiveRabbitHeadband
line:488a7a,ihh,ew,,Player,GiveRabbitHeadband
line:0f391c,wo hast du das gefunden?,where did you find this?,,Original,GiveRabbitHeadband
line:6022ce,eigentlich hat mir's die schildkröte gegeben,"actually, the turtle gave it to me",,Player,GiveRabbitHeadband
line:b8eac1,"sie meinte, du kannst es haben",they said you could have it,,Player,GiveRabbitHeadband
line:1c787f,"sie freut sich schon aufs\nrennen und wollte nicht,\ndass du's verpasst!",they're looking forward to\nthe race and didn't\nwant you to miss it!,,Player,GiveRabbitHeadband
line:f89496,was?!,what?!,,Original,GiveRabbitHeadband
line:b09c25,WIRKLICH??,REALLY??,,Original,GiveRabbitHeadband
line:2db8e8,TAYLOR DIE SCHILDKRÖTE!?,TAYLOR THE TURTLE!?,,Original,GiveRabbitHeadband
line:b15c5f,sie ist doch die regionalmeisterin!?,"they're like, the regional champion!?",,Original,GiveRabbitHeadband
line:7e105f,dieses stirnband muss dann ja,this headband has to be like,,Original,GiveRabbitHeadband
line:ad2191,mindestens DOPPELT so glücksbringend sein,at least TWICE as lucky,,Original,GiveRabbitHeadband
line:3509ed,...vielleicht sogar...,...possibly even...,,Original,GiveRabbitHeadband
line:22dcd9,VIERFACH glücksbringend,QUADRUPLE lucky,,Original,GiveRabbitHeadband
line:316e5d,!!!,!!!,,Player,GiveRabbitHeadband
line:f666e4,ok,ok,,Original,GiveRabbitHeadband
line:64abcd,ich nehm's,i'll take it,,Original,GiveRabbitHeadband
line:de12bd,ich bin so aufgedreht!,i'm so pumped!,,Original,GiveRabbitHeadband
line:b2cecd,nimm diese laufschuhe,take these running shoes,,Original,GiveRabbitHeadband
line:d25506,"du kannst <color=red>{{RunButton}}</color> gedrückt halten, um damit zu rennen!",you can hold <color=red>{{RunButton}}</color> to run with them!,,Original,GiveRabbitHeadband
line:7e631b,allerdings,however,,Original,GiveRabbitHeadband
line:0ce32d,"denk dran, dass rennen\n<color=red>goldene Federn</color> braucht",just keep in mind that running\nrequires <color=red>golden feathers</color>,,Original,GiveRabbitHeadband
line:489295,"<sprite tint=1 name=""UpArrow""> Aussichtspunkt","<sprite tint=1 name=""UpArrow""> Outlook Point",,Original,OutlookPointSignStart
line:32213c,immer noch keine erdbeeren?,still out of strawberries?,"If the player talks to the Ranger Goat at 5PM, after discovering they're out of strawberries.",Player,Strawberries
line:2edee7,jup,yup,,Original,Strawberries
line:90688d,hab von den erdbeeren gehört,so i heard about the strawberries,If the player talks to the Ranger Goat at 5PM.,Player,Strawberries
line:50c6f6,...und es ist 17 uhr,...and it's 5PM,,Player,Strawberries
line:28fb4e,ach verflixt,aw shucks,,Original,Strawberries
line:75bc5b,wir haben keine mehr,we're all out,,Original,Strawberries
line:5a0e10,was!?,what!?,,Player,Strawberries
line:4787bc,aber,but,,Player,Strawberries
line:9d23e0,das ist irreführende werbung!,that's false advertising!,,Player,Strawberries
line:792b7e,sorry,sorry,,Original,Strawberries
line:fa09b1,wir pflücken die meistens hier,we usually pick them locally,,Original,Strawberries
line:74f9e3,die ernte war dieses jahr komisch niedrig,the yield was weirdly low this year,,Original,Strawberries
line:445678,ich meine,i mean,,Original,Strawberries
line:a9f2f4,wir haben aber noch jede menge toast,we still have lots of toast,,Original,Strawberries
line:2badff,willst du toast?,you want some toast?,,Original,Strawberries
line:b2dc23,versorg mich mit toast!,hook me up with some toast!,,Player,Strawberries
line:5a9a92,na gut dann...,alrighty then...,,Original,Strawberries
line:7dd7f0,"also, brauchst du sonst noch was?","so, is there anything else you need?",,Original,Strawberries
line:cb857e,kann ich eine <color=red>goldene feder?</color> kaufen,can i buy a <color=red>golden feather?</color>,Dialogue choice.,Player,Strawberries
line:38ecce,was für merch verkaufst du?,what kind of merch do you sell?,Dialogue choice.,Player,Strawberries
line:29e369,ich muss los,i gotta jet,Dialogue choice.,Player,Strawberries
line:6fed20,man sieht sich,see ya,,Original,Strawberries
line:912017,"klar, ich esse den toast","sure, i'll eat this toast",If the player eats the toast from the inventory menu.,Player,EatToastStart
line:c77269,warum nicht,why not,,Player,EatToastStart
line:ad9d4d,mmm,mmm,,Player,EatToastStart
line:34c2bd,ich fühl mich....,i feel....,,Player,EatToastStart
line:e92388,gleich,the same,,Player,EatToastStart
line:818d86,yo,yo,,Original,TucanStart
line:6f4292,dieser aufwind ist der HAMMER!,this updraft is ON POINT!,,Original,TucanStart
line:f6e187,damit machst du geile sturzflüge!,you can get some sick dives on it!,,Original,TucanStart
line:07d094,heyo!,heyo!,If the player talks to the Tucan again.,Original,TucanStart
line:216605,"<sprite name=""Music"" tint=1> ja, ich chill hier einfach nur","<sprite name=""Music"" tint=1> yeah i'm just chillin' here",,Original,TucanStart
line:27042d,"<sprite name=""Music"" tint=1> tank die süßen süßen sonnenstrahlen","<sprite name=""Music"" tint=1> soakin' up those sweet sweet rays",,Original,TucanStart
line:fff7e4,"<sprite name=""Music"" tint=1> solang ich meinen LSF fünfzig hab","<sprite name=""Music"" tint=1> as long as i got my SPF fifty",,Original,TucanStart
line:dd17df,"<sprite name=""Music"" tint=1> ich könnt hier tagelang so süß rumliegen","<sprite name=""Music"" tint=1> i could lie here for sweet sweet days",,Original,TucanStart
line:3143e6,wie tauchst du?,how do you dive?,Dialogue choice.,Player,TucanStart
line:288233,klingt schön,sounds nice,Dialogue choice.,Player,TucanStart
line:cbb188,"oh mann, das ist einfach","oh dang, it's easy",If the player asks to learn.,Original,TucanStart
line:cf9948,aber es braucht etwas übung,but it takes some practice,,Original,TucanStart
line:3adfca,du musst mir zuhören,you gotta hear me out,,Original,TucanStart
line:d3aad8,zuerst,first,,Original,TucanStart
line:69d4a2,du musst gerade gleiten...,you gotta be gliding...,,Original,TucanStart
line:e0ec7f,wie du weißt,as you know,,Original,TucanStart
line:33f613,"du gleitest, indem du <color=red>{{JumpButton}} gedrückt hältst</color>",you glide by <color=red>holding {{JumpButton}}</color>,,Original,TucanStart
line:3b003c,wenn du dann hoch genug\nüber dem boden bist,"then, if you're high enough\noff the ground",,Original,TucanStart
line:ade2f6,<color=red>lass den joystick los</color>\num nach unten zu tauchen,<color=red>release your joystick</color>\nto dive downward,,Original,TucanStart
line:ed17e5,<color=red>lass alle pfeiltasten los</color>\num nach unten zu tauchen,<color=red>release all arrow keys</color>\nto dive downward,,Original,TucanStart
line:4c73ef,"aber du musst weiterhin daran denken,\n<color=red>{{JumpButton}} gedrückt zu halten</color>",but you must still remember\nto <color=red>hold {{JumpButton}}</color>,,Original,TucanStart
line:38fdce,das ist der schwierige teil!,that's the tricky part!,,Original,TucanStart
line:2b369a,mit einem guten sturzflug kannst du\n<color=red>richtig viel tempo aufbauen</color>,"with a good dive, you can\n<color=red>build up a lot of speed</color>",,Original,TucanStart
line:58343b,"du kannst üben, indem du über\ndiesen aufwind gleitest",you can practice by gliding\nover this updraft,,Original,TucanStart
line:547d16,das gibt dir jede menge\nhöhe zum arbeiten!,that'll give you a lot of\nheight to work with!,,Original,TucanStart
line:b2dd9d,"oh ja, GENAU so","dang, you KNOW it","If the player says ""sounds nice.""",Original,TucanStart
line:d3f65e,das ist geil wie reis mit eis,it's nice like some rice with spice,This is a silly thing I made up that rhymes.,Original,TucanStart
line:1eaf2b,*keuch*,*huff*,This cutscene plays when the player makes it to the top of Hawk Peak.,Player,Cellphone2
line:c2341c,puh,phew,,Player,Cellphone2
line:9dbecf,ich...,i...,,Player,Cellphone2
line:c8f624,...ich hab's geschafft!,...i did it!,,Player,Cellphone2
line:a329a8,!!!,!!!,,Player,Cellphone2
line:f43890,HANDYEMPFANG!!,CELLPHONE RECEPTION!!,,Player,Cellphone2
line:8c98d3,ich kann von hier aus mein haus sehen!,i can see my house from here!,"If the player stands on a rock overlooking her Aunt's cabin, this plays.",Player,YellAtMayStart
line:d88089,...,...,,Player,YellAtMayStart
line:d84529,ähem,ahem,,Player,YellAtMayStart
line:a64258,HEYYYYYYYYY!!!,HEYYYYYYYYY!!!,,Player,YellAtMayStart
line:715ae9,TANTE MAYY!!!!!,AUNT MAYY!!!!!,,Player,YellAtMayStart
line:d8a3ab,"ja, Claire?","yes, claire?",,AuntMayNPC,YellAtMayStart
line:4df5b5,JAAAA!,YEAAAH!,,Player,YellAtMayStart
line:445e93,ICH BIN'S!!!!,IT'S ME!!!!,,Player,YellAtMayStart
line:ccdb15,KANNST DU MICH HIER OBEN HÖREN!!??!?,CAN YOU HEAR ME UP HERE!!??!?,,Player,YellAtMayStart
line:fa6a18,klar doch,sure can,,AuntMayNPC,YellAtMayStart
line:8a59ef,OHHH,OHHH,,Player,YellAtMayStart
line:8ee909,OKAY,OKAY,,Player,YellAtMayStart
line:ae3ea7,viel spaß da oben!,have fun up there!,,AuntMayNPC,YellAtMayStart
line:90a5b4,JAAAAH,YEAAAHH,,Player,YellAtMayStart
line:6541f6,MACH ICH!!,I WILL!!,,Player,YellAtMayStart
line:c00ec6,ALSO,SO,,Player,YellAtMayStart
line:8f00a0,WAS MACHST DU GRAD!?,WHATCHA DOING!?,If the player yells again.,Player,YellAtMayStart
line:5d2a04,"ach, du weißt schon","oh, you know",,AuntMayNPC,YellAtMayStart
line:8c722c,das übliche,the usual,,AuntMayNPC,YellAtMayStart
line:ffba56,OOKAAY,OOKAAY,,Player,YellAtMayStart
line:47aad8,COOL,COOL,,Player,YellAtMayStart
line:9caf98,WAS GIBT'S HEUTE ABEND ZU ESSEN!?,WHAT'S FOR DINNER TONIGHT!?,If the player yells again.,Player,YellAtMayStart
line:488fb8,ähh,uhh,,AuntMayNPC,YellAtMayStart
line:440bf7,ich glaub ich mach heute\ncurry,i think i'm gonna\nmake curry tonight,,AuntMayNPC,YellAtMayStart
line:9ead4c,KLINGT LECKERR!!,SOUNDS TASTYY!!,,Player,YellAtMayStart
line:b3537e,HEY TANTE MAY,HEY AUNT MAY,If the player yells again.,Player,YellAtMayStart
line:6e8868,ja?,yeah?,,AuntMayNPC,YellAtMayStart
line:530dce,KEINE AHNUUUNG!,I DUNNOOO!,,Player,YellAtMayStart
line:e148b8,MIR IST WOHL LANGWEILIG!!!,I GUESS I'M BORED!!!,,Player,YellAtMayStart
line:1ae3c3,das merkt man!,i can tell!,,AuntMayNPC,YellAtMayStart
line:938517,hallo?,hello?,This cutscene plays at the top of the mountain.,Original,Cellphone3
line:5f8c0e,"hi, Claire","hi, claire",,CutsceneCellphone,Cellphone3
line:2887df,Mama!,mom!,,Player,Cellphone3
line:db60b7,"ich bin so froh, von dir zu hören",i'm so glad to hear from you,,Player,Cellphone3
line:ae46f6,ich hab den ganzen tag auf dich gewartet,i've been waiting all day to hear from you,,Player,Cellphone3
line:fb2a4f,ich war besorgt,i've been worried,,Player,Cellphone3
line:918f79,ach schatz,aw honey,,CutsceneCellphone,Cellphone3
line:3aaa27,"sagte doch, mir geht's gut!",i told you i'd be fine!,,CutsceneCellphone,Cellphone3
line:c29b2a,ja,yeah,,Player,Cellphone3
line:625c90,aber das sagst du immer,but you always say that,,Player,Cellphone3
line:5fed41,bin ich auch immer!,and i always am!,,CutsceneCellphone,Cellphone3
line:a8b951,...,...,,Player,Cellphone3
line:7f98d9,naja,anyway,,CutsceneCellphone,Cellphone3
line:3e93b6,wie geht's dir?,how have you been?,,CutsceneCellphone,Cellphone3
line:a0dcaa,also,well,,Player,Cellphone3
line:c94b31,ich bin grad oben auf dem Habichtsgipfel!,i'm at the top of Hawk Peak right now!,,Player,Cellphone3
line:a63e6e,ooh!,ooh!,,CutsceneCellphone,Cellphone3
line:2237e8,wow,wow,,CutsceneCellphone,Cellphone3
line:6eb468,ich liebe es da oben,i love it up there,,CutsceneCellphone,Cellphone3
line:5ea065,May und ich sind früher jeden\nsommer zusammen hochgegangen,May and i used to go up\nevery summer together,,CutsceneCellphone,Cellphone3
line:33337b,"wurde zeit, dass du hochkommst!",it's about time you made it up!,,CutsceneCellphone,Cellphone3
line:4094cb,ja... ich weiß,yeah... i know,,Player,Cellphone3
line:3c83f7,du bist schon so groß,you're so big now,,CutsceneCellphone,Cellphone3
line:a36f51,mein kleines mädchen verlässt das nest,my little girl's leaving the nest,,CutsceneCellphone,Cellphone3
line:ac8db8,du brauchst deine gute\nalte Mama bald gar nicht mehr,you won't have any need\nfor little ol' mom,,CutsceneCellphone,Cellphone3
line:efe93a,aber ich brauch dich DOCH,but i DO need you,,Player,Cellphone3
line:8ff0d0,ich werde dich immer brauchen!,i'll never not need you!,,Player,Cellphone3
line:943931,als ich von der operation gehört hab...,when i heard about the surgery...,,Player,Cellphone3
line:07950b,"...wieso hast du mir nie\ngesagt, dass das ansteht!?",...how come you never told\nme this was a thing!?,,Player,Cellphone3
line:be076a,ich wollte dich nicht beunruhigen,i didn't want you to worry,,CutsceneCellphone,Cellphone3
line:6a1b43,aber,but,,Player,Cellphone3
line:fae7e7,"ich weiß, du regst dich schnell über sowas auf",i know you can get worked up about things,,CutsceneCellphone,Cellphone3
line:6315da,ich hätte für dich da sein können,i could have been there for you,,Player,Cellphone3
line:b1f752,jetzt bist du da ganz allein,"you're all alone there, now",,Player,Cellphone3
line:66e500,"ehrlich, es war nichts!","really, it was nothing!",,CutsceneCellphone,Cellphone3
line:2acde0,es war alles in ordnung,everything was fine,,CutsceneCellphone,Cellphone3
line:666129,"freut mich, dir geht's gut",i'm just glad you're ok,,Player,Cellphone3
line:d2ddf0,"ich hab dich lieb,","i love you,",,Player,Cellphone3
line:e25ebd,Mama,mom,,Player,Cellphone3
line:6a17a6,ich hab dich auch lieb,i love you too,,CutsceneCellphone,Cellphone3
line:2e7f4d,warte,wait,,Player,Cellphone4
line:545678,irgendwas passiert gerade?!,something's happening?!,,Player,Cellphone4
line:9a8ed9,war das der berühmte Habichtsgipfel-Aufwind!?,was that the famous Hawk Peak updraft!?,,CutsceneCellphone,Cellphone4
line:2a159c,äh,uh,,Player,Cellphone4
line:9fcd15,sieht so aus,looks like it,,Player,Cellphone4
line:9ef186,du solltest jetzt darauf mitfliegen!,you should catch a ride on it now!,,CutsceneCellphone,Cellphone4
line:1d16be,bevor er sich auflöst,before it fizzles out,,CutsceneCellphone,Cellphone4
line:09fc02,ich will ja,i wanna,,Player,Cellphone4
line:a32f4d,bin aber irgendwie nervös,but i'm kinda nervous,,Player,Cellphone4
line:d5621b,Claire,claire,,CutsceneCellphone,Cellphone4
line:0d150f,du schaffst das!,you can do it!,,CutsceneCellphone,Cellphone4
line:4c5080,"ich komm dich bald besuchen, ok?","i'll come visit you soon, ok?",,CutsceneCellphone,Cellphone4
line:e45965,übrigens,also,,CutsceneCellphone,Cellphone4
line:82a853,"vergiss nicht, <color=red>Tante May</color> von mir zu grüßen!",don't forget to say hi to <color=red>Aunt May</color> for me!,,CutsceneCellphone,Cellphone4
line:e7b047,sie wartet bestimmt schon\nauf dich in der hütte,she's probably waiting for\nyou back at the cottage,,CutsceneCellphone,Cellphone4
line:52f04c,"tschüss, hab dich lieb!","bye, love you!",,CutsceneCellphone,Cellphone4
line:230817,"lieb dich auch, Mama","love you too, mom",,Player,Cellphone4
line:85188e,hey,hey,Unsure where this line is...,Original,AuntFinished
line:2ed2fe,"ich glaube, eine pause täte gut",i think it'd be nice to take a break,If the player tries to take a nap at the end of the game.,Original,EndGameStart
line:be5dbc,schlafen,sleep,Dialogue choice.,Player,EndGameStart
line:6b397e,noch nicht,not yet,Dialogue choice.,Player,EndGameStart
line:fd5647,na gut,alrighty,If they choose to nap.,Original,EndGameStart
line:33151c,zeit für ein nickerchen!,it's nap time!,,Original,EndGameStart
line:0493bf,"und, wie war's da?",so what has it been like there?,Unused.,Original,Node101
line:f8414d,nun,well,Unused.,Player,Node101
line:65055a,"ich muss übers tauchen reden, falls du das tutorial noch nicht hattest","i need to talk about how to dive, if u havent been given the tutorial yet",Unused.,Original,Node102
line:45a376,diesen ausblick hier werd ich nie leid,i never get tired of this view,This dialogue is played during the opening screen of the game. Claire is speaking to her Aunt in the car.,AuntSpeaker,TitleScreenIntroStart
line:cda187,"Claire,","claire,",,AuntSpeaker,TitleScreenIntroStart
line:d7aeb5,du wirst hier diesen sommer\neine tolle zeit haben!,you're gonna have a great\ntime here this summer!,,AuntSpeaker,TitleScreenIntroStart
line:760ec9,ich glaube,i think,,AuntSpeaker,TitleScreenIntroStart
line:62ea07,"es wird guttun, mal\nraus aus der stadt zu kommen",it'll be good to get\naway from the city,,AuntSpeaker,TitleScreenIntroStart
line:d3607e,"und eine pause von allem\nanderen zu machen, was gerade los ist",and take a break from\neverything else going on,,AuntSpeaker,TitleScreenIntroStart
line:3fd92a,bist du noch wach?,are you still awake?,,AuntSpeaker,TitleScreenIntroStart
line:049cc1,mmmmm,mmmmm,,Original,TitleScreenIntroStart
line:302117,vielleicht,maybe,,Original,TitleScreenIntroStart
line:dedd03,halt noch ein bisschen durch!,hold on a little longer!,,AuntSpeaker,TitleScreenIntroStart
line:a605f1,wir sind gleich an der fähre,we're almost at the ferry,,AuntSpeaker,TitleScreenIntroStart
line:126e5b,"ich übernehm deinen ""nebenjob""","i'll take your ""side gig""",Dialogue choice.,Player,ConsiderKidQuest
line:03a23c,nö,nope,Dialogue choice.,Player,ConsiderKidQuest
line:0d9c32,gut,good,If you accept Shell Kid's job.,Original,ConsiderKidQuest
line:d2d27b,nimm das hier...,take this...,,Original,ConsiderKidQuest
line:85f4ce,...und bring's zu Rangerin May,...and deliver it to Ranger May,,Original,ConsiderKidQuest
line:f109e4,das ist alles,that is all,,Original,ConsiderKidQuest
line:3232ef,wie du willst,suit yourself,If you decline Shell Kid's quest.,Original,ConsiderKidQuest
line:b0f25b,ich hab eine lieferung!,i've got a delivery!,If you deliver Shell Kid's necklace to your Aunt.,Player,AuntNecklace
line:1dcac3,die ist von Jen,it's from Jen,,Player,AuntNecklace
line:168e81,oh wow!,oh wow!,,Original,AuntNecklace
line:e06d87,die ist so hübsch,it's so pretty,,Original,AuntNecklace
line:ca470a,sie ist so ein süßes mädchen,she's such a sweet girl,,Original,AuntNecklace
line:13f4b4,all die muscheln zu sammeln\nmuss echt viel arbeit gewesen sein,collecting all those shells\nmust have been a lot of work,,Original,AuntNecklace
line:07c5c9,"na ja, eigentlich...",well actually...,,Player,AuntNecklace
line:e1489b,hmm?,hmm?,,Original,AuntNecklace
line:a40af1,"ach, vergiss es",eh never mind,,Player,AuntNecklace
line:240101,oh!,oh!,,Original,AuntNecklace
line:fede28,mir ist was eingefallen,i remembered something,,Original,AuntNecklace
line:312906,ich hab diese goldene feder in der hütte gefunden,i found this golden feather in the cabin,,Original,AuntNecklace
line:21415c,"dachte, du kannst sie gebrauchen",i figured you could use it,,Original,AuntNecklace
line:95fb1a,"woah, danke","woah, thanks",,Player,AuntNecklace
line:31d44f,das ist,this is,,Player,AuntNecklace
line:3ac7bb,komisches timing,weird timing,,Player,AuntNecklace
line:594e0f,ist das jetzt so wie eine belohnung\nfürs liefern der kette?,"is this like, a reward for\ndelivering the necklace?",This is a joke about how video games always give you rewards for quests - and this is the quest reward even though the characters in the game don't know it.,Player,AuntNecklace
line:4f7537,"äh, nein?","uh, no?",,Original,AuntNecklace
line:324d4c,häh,huh,,Player,AuntNecklace
line:2d2083,"oh, übrigens","oh, by the way",,Original,AuntNecklace
line:727813,"ohh, perfekt",ohh that's perfect,If you trade a toy shovel to the frog for the big shovel.,Original,FrogTrade
line:39b491,lass uns tauschen!,let's trade!,,Original,FrogTrade
line:0c7755,wenn du meine schaufel benutzen willst...,when you want to use my shovel...,,Original,FrogTrade
line:dfbca3,"<color=red>drück {{MenuButton}}</color>, um dein inventar zu öffnen\nund sie <color=red>auszurüsten</color>",<color=red>press {{MenuButton}}</color> to open your inventory\nand <color=red>equip it</color>,,Original,FrogTrade
line:52873b,bleib frisch!,keep it fresh!,,Original,FrogTrade
line:08d344,"moment mal,\njunge freundin","hold on there,\nyoung friend",When you meet the big bear in the snowy area.,Original,PolarBearStart
line:acea5b,"ich hoff, das stört dich nicht",i hope you don't mind me saying,,Original,PolarBearStart
line:1099bb,aber du wirkst ein\nbisschen unvorbereitet,but you seem a\nlittle unprepared,,Original,PolarBearStart
line:817652,"hier oben ist es ganz schön kalt für\nleute, die es nicht gewohnt sind",it's mighty cold up here for\nfolks who aren't accustomed,,Original,PolarBearStart
line:2136cc,"ich hätte nicht gedacht, dass es so kalt wird!",i didn't expect it to get this cold!,,Player,PolarBearStart
line:eb8b41,meine federn frieren ein,my feathers are freezing up,,Player,PolarBearStart
line:e544b0,Habichtsgipfel ist einzigartig in der\nprovinz wegen seiner geothermischen aktivität,Hawk Peak is unique in the\nprovince for geothermal activity,,Original,PolarBearStart
line:0c4c62,"wenn dir zu kalt wird, halt\nan einer der heißen quellen","if you get too chilly, stop\nat one of the hotsprings",,Original,PolarBearStart
line:00e22d,das sollte dir deine\nkraft zurückgeben!,that should give you\nback your strength!,,Original,PolarBearStart
line:53a164,danke für den tipp!,thanks for the tip!,This dialogue only plays if you don't have enough feathers at this point.,Player,PolarBearStart
line:da7689,äh,uh,,Player,PolarBearStart
line:4e76d8,bin ich fast oben?,am i almost at the top?,,Player,PolarBearStart
line:6535ef,"nun, ja...","well, yes...",,Original,PolarBearStart
line:035a7d,aber's ein kniffliger aufstieg,but it's a tricky climb,,Original,PolarBearStart
line:c3ba01,"du brauchst vielleicht mehr <color=red>goldene\nfedern</color>, als du grad hast",you might need more <color=red>golden\nfeathers</color> than you have now,,Original,PolarBearStart
line:6e4900,hallo du,hey there,This dialogue plays after you've gotten to the top.,Original,PolarBearStart
line:81a16c,bist du sicher hochgekommen?,did you get up safely?,,Original,PolarBearStart
line:2f558c,jup!,yup!,,Player,PolarBearStart
line:1bd829,na ja,well,,Player,PolarBearStart
line:05be99,quasi hab ich's...,you could say i...,,Player,PolarBearStart
line:fef811,...BÄR-knapp geschafft!,...BEAR-ly made it!,This is a pun.,Player,PolarBearStart
line:bd9ba7,haha,haha,,Player,PolarBearStart
line:100ad6,...,...,,Original,PolarBearStart
line:e09a0c,kapierst du's?,do you get it?,,Player,PolarBearStart
line:c8da80,oh,oh,,Original,PolarBearStart
line:b44e22,ich kapier's,i get it,,Original,PolarBearStart
line:835d44,pass gut auf dich auf!,be safe out there!,If you talk to the bear again before making it to the top.,Original,PolarBearStart
line:53a781,"schließlich muss ich deine tante\nper funk rufen, wenn du in\nschwierigkeiten gerätst!",i'm the one who has to\nradio your aunt if\nyou get into trouble!,,Original,PolarBearStart
line:c3e961,laufen ist mein leben,running is my life,A random jogger will say this.,Original,Runner2Start
line:bfbadb,ich laufe marathons auf der ganzen welt,i run marathons all around the world,,Original,Runner2Start
line:773dc9,"was, wenn",what if,If you talk to the jogger again.,Original,Runner2Start
line:11536d,"laufen nicht mein leben wäre,",running wasn't my life,,Original,Runner2Start
line:36d1dd,"sondern ich das laufen eigentlich benutze,",but i was actually using running,,Original,Runner2Start
line:8de64b,um VORM leben wegzulaufen!?,to run FROM life!?,,Original,Runner2Start
line:c173c6,...,...,,Original,Runner2Start
line:670a59,das ist ein beunruhigender gedanke,that's a troubling thought,,Original,Runner2Start
line:f72c0e,TEMPO ZUERST!!,SPEED FIRST!!,A random jogger.,Original,Runner3Start
line:5fd249,REDEN SPÄTER!!,TALK LATER!!,,Original,Runner3Start
line:82d424,hey!,hey!,If you talk to a specific jogger after hearing about the race.,Player,Runner3Start
line:3875bf,machst du heute beim rennen mit?,are you doing the race today?,,Player,Runner3Start
line:199978,ja,yeah,,Original,Runner3Start
line:24dca3,bin grad ziemlich beschäftigt,i'm kinda busy right now,,Original,Runner3Start
line:205f2e,was willst du?,what do you want?,,Original,Runner3Start
line:4259b6,wofür joggst du?,what are you jogging for?,If the player hasn't heard about the race when starting this dialogue.,Player,Runner3Start
line:575dc5,wie bitte?,excuse me?,,Original,Runner3Start
line:ec50e2,ich trainier fürs rennen!,i'm training for the race!,,Original,Runner3Start
line:f41820,was willst du?,what do you want?,,Original,Runner3Start
line:4c1ab9,schon wieder du?,you again?,If you talk to them again.,Original,Runner3Start
line:6e934b,was willst du?,what do you want?,,Original,Runner3Start
line:bed782,darf ich mitrennen?,can i join the race?,Dialogue choice.,Player,Runner3Start
line:f0d6a7,nichts,nothing,Dialogue choice.,Player,Runner3Start
line:0a5f04,*seufz*,*sigh*,,Original,Runner3Start
line:f09f2c,"die anmeldung ist letzten\nmonat abgelaufen, oder so","registration ended\nlike, last month",,Original,Runner3Start
line:d9fe0a,warum liest denn\nkeiner die regeln!?,why does no one\nread the rules!?,,Original,Runner3Start
line:538f2a,"du bist <color=red>die zweite person</color>,\ndie ich heute abweisen muss!",you're <color=red>the second person</color>\ni've had to turn away today!,This person is Avery.,Original,Runner3Start
line:4b379d,naja,anyway,,Original,Runner3Start
line:9cdf84,ich muss los,i gotta go,,Original,Runner3Start
line:2fffae,tja,welp,,Original,Runner3Start
line:b89bd1,ich muss los,i gotta go,,Original,Runner3Start
line:6ce8aa,ugh...,ugh...,A random jogger.,Original,Runner4Start
line:682dfd,ich hasse beintage,i hate leg days,,Original,Runner4Start
line:919d2e,oh äh,oh uh,"If the player has met their uncle, this plays...",Player,Runner4Start
line:486301,"onkel meinte, ich soll dich erinnern",your uncle wanted me to remind you,,Player,Runner4Start
line:412751,pausen zu machen,to take breaks,,Player,Runner4Start
line:dc639a,und genug zu trinken,and to stay hydrated,,Player,Runner4Start
line:c9231c,das ist guter rat,that's good advice,,Original,Runner4Start
line:17a4fb,nur noch eine runde...,just one more lap first...,,Original,Runner4Start
line:d74fa4,viel glück!,good luck!,,Player,Runner4Start
line:41e6b6,danke,thanks,,Original,Runner4Start
line:5cafa7,ugh...,ugh...,,Original,Runner4Start
line:771cf2,ich hasse beintage,i hate leg days,,Original,Runner4Start
line:21cf22,"Die Helianthus Dissultantis ""Gummiblume""","The Helianthus Dissultantis ""Rubber Flower""",This is a sign that describes how the flower + bucket mechanic works. Written in the style of an informational board at a park.,Original,BucketSignStart
line:ac8167,Die offizielle Blume des Habichtsgipfel-Provinzparks,Hawk Peak Provincial Park's Official Flower,,Original,BucketSignStart
line:e36269,Diese einzigartige Art <color=yellow>blüht sofort</color>\nbei plötzlicher Überflutung und bläht sich\nauf wie ein Wasserballon!,"This unique species <color=yellow>blooms instantly</color>\nin flash flooding conditions, inflating\nlike a water balloon!",,Original,BucketSignStart
line:ec2521,Erlebe es selbst mit einem der\ngemeinschaftlichen <color=yellow>Wassereimer</color> des Parks!,Experience it for yourself with one of\nthe park's communal <color=yellow>water buckets!</color>,,Original,BucketSignStart
line:da1b6e,<color=#e3967f>*Alle Eimer sind Eigentum des Parks.</color>,<color=#e3967f>*All buckets are property of the park.</color>,,Original,BucketSignStart
line:9d3c78,<color=#e3967f>Bitte keine Eimer\naus dem Park entfernen!!</color>,<color=#e3967f>Please do not remove buckets\nfrom the park!!</color>,,Original,BucketSignStart
line:cdb11f,hmm,hmm,,Player,BucketSignStart
line:893c47,ein eimer voller wasser sieht schwer aus...,a bucket full of water seems heavy...,This is important tutorial information.,Player,BucketSignStart
line:dc899d,"ich glaub, ich könnte nicht fliegen\noder klettern, wenn ich einen eimer\nvoll wasser trage...",i don't think i could fly\nor climb carrying a bucket\nfull of water...,,Player,BucketSignStart
line:c03601,aber gleiten könnte ich wohl trotzdem!,but i could probably still glide!,,Player,BucketSignStart
line:37428a,"ich glaub, ich könnte nicht fliegen\noder klettern, wenn ich einen eimer\nvoll wasser trage",i don't think i could fly\nor climb carrying a bucket\nfull of water,,Player,BucketSignStart
line:e51435,aber gleiten könnte ich wohl trotzdem!,but i could probably still glide!,,Player,BucketSignStart
line:0511de,"na gut, wie du willst","whatever, suit yourself",If you don't buy the tough birds feathers.,Original,ToughBirdExit
line:cee433,was ist MEIN ding?,what's MY deal?,"If you ask Tough Bird - ""What's your deal!?""",Original,ToughBirdWhatDeal
line:6cdec4,HMPH!,HMPH!,,Original,ToughBirdWhatDeal
line:20b440,was ist DEIN ding!?,what's YOUR deal!?,,Original,ToughBirdWhatDeal
line:5cd3d2,na ja...,well...,,Player,ToughBirdWhatDeal
line:3a5721,ich wander zum habichtsgipfel hoch,i'm hiking up to hawk peak,,Player,ToughBirdWhatDeal
line:763c29,wow,wow,,Original,ToughBirdWhatDeal
line:ca2ad4,klingt ziemlich basic,sounds kinda basic,"""Basic"" is a not too offensive insult, that implies someone is uninteresting / too mainstream.",Original,ToughBirdWhatDeal
line:c72c5f,hey!,hey!,,Player,ToughBirdWhatDeal
line:a73677,ich sag ja nur,i'm just saying,,Original,ToughBirdWhatDeal
line:15eb7a,touristen kommen von überall her,tourists come from all over,,Original,ToughBirdWhatDeal
line:d047c2,die sagen dann so,they're like,,Original,ToughBirdWhatDeal
line:87fc49,"""ich waaander zum habichtsgipfeeel hoch""","""i'm goonnaa hike to hawwk peaak""",,Original,ToughBirdWhatDeal
line:dc79a1,dann sind sie oben,then they get up there,,Original,ToughBirdWhatDeal
line:df37dd,"und merken, dass es echt\nanstrengung braucht",and see that it actually\ntakes real effort,,Original,ToughBirdWhatDeal
line:65f61c,und geben dann auf,and then they give up,,Original,ToughBirdWhatDeal
line:8e3aa9,boah,geez,,Player,ToughBirdWhatDeal
line:d4abe7,man muss ja nicht,you don't have to be,,Player,ToughBirdWhatDeal
line:1cc87c,...so drauf sein,...like that,,Player,ToughBirdWhatDeal
line:0a3403,ich sag ja nur,i'm just saying,,Original,ToughBirdWhatDeal
line:11e3a4,es ist schon bisschen basic,it's a little basic,,Original,ToughBirdWhatDeal
line:47ba90,also,so,,Player,ToughBirdWhatDeal
line:cf0784,was ist denn DEIN ding?,what IS your deal?,,Player,ToughBirdWhatDeal
line:5ddd9c,ich hab dir meins verraten,i gave you mine,,Player,ToughBirdWhatDeal
line:0d3cc3,ich brauch geld,i need money,,Original,ToughBirdWhatDeal
line:edd8e9,...,...,,Player,ToughBirdWhatDeal
line:7973bb,*seufz*,*sigh*,,Original,ToughBirdWhatDeal
line:adfb25,ich hab nächstes semester\nzu wenig fürs studium,i'm gonna be short on\ntuition next semester,,Original,ToughBirdWhatDeal
line:cf2e64,bin aber fast so weit,i'm nearly there though,,Original,ToughBirdWhatDeal
line:a6c367,will nur bisschen extra kohle machen,just trying to make some extra cash,,Original,ToughBirdWhatDeal
line:dc1233,häh,huh,,Player,ToughBirdWhatDeal
line:acb2a8,wie viel brauchst du denn,how much do you need,,Player,ToughBirdWhatDeal
line:30eb73,...,...,,Original,ToughBirdWhatDeal
line:ac88f8,"na, wenn ich mein ganzes\nzeug verkauft hab",well after i sell\nall my junk,,Original,ToughBirdWhatDeal
line:435122,fehlen mir trotzdem noch ungefähr 400 münzen...,i'll still be short by about 400 coins...,,Original,ToughBirdWhatDeal
line:72431d,oh,oh,,Player,ToughBirdWhatDeal
line:6f84d5,ja...,yeah...,,Original,ToughBirdWhatDeal
line:a86edb,aber egal,but whatever,,Original,ToughBirdWhatDeal
line:bad128,so ist das leben wohl,that's life i guess,,Original,ToughBirdWhatDeal
line:9cf882,"moment, was?",wait what?,If you ask to pay the Tough Bird's tuition.,Original,ToughBirdTuition
line:cbaa8d,wirklich?,really?,,Original,ToughBirdTuition
line:9284d3,ja klar,yeah sure,,Player,ToughBirdTuition
line:aff092,aber wieso?,but why?,,Original,ToughBirdTuition
line:7a98aa,keine ahnung,i dunno,,Player,ToughBirdTuition
line:9695ed,das meiste hab ich einfach\nauf der insel gefunden,i found most of this just by\nlooking around the island,,Player,ToughBirdTuition
line:131aa6,ich bin ziemlich gut im sachen finden,i'm pretty good at finding stuff,,Player,ToughBirdTuition
line:6428d7,wow,wow,,Original,ToughBirdTuition
line:fda1cc,äh,uh,,Original,ToughBirdTuition
line:be049a,"ich weiß nicht, was ich sagen soll",i don't know what to say,,Original,ToughBirdTuition
line:67bb03,"das sind 400 münzen, oder?","it's 400 coins, right?",,Player,ToughBirdTuition
line:fb019d,"hier, bitte!",here ya go!,,Player,ToughBirdTuition
line:07ddb5,...,...,,Original,ToughBirdTuition
line:a36d85,danke,thanks,,Original,ToughBirdTuition
line:2d0e86,ähm,um,,Original,ToughBirdTuition
line:d33091,"hier, kannst du haben",you can have this,,Original,ToughBirdTuition
line:bd574d,ich äh,i uh,,Original,ToughBirdTuition
line:ffdcaf,hab's gefunden,found it,,Original,ToughBirdTuition
line:0f0128,wollt's eigentlich im\ninternet verkaufen oder so,i was gonna sell it on\nthe internet or whatever,"The phrase ""sell it on the internet or whatever"" is supposed to match what the Old Goat said about them losing their watch - as a bit of a callback joke. They were right!",Original,ToughBirdTuition
line:13777d,aber ich brauch's nicht mehr,but i don't need it anymore,,Original,ToughBirdTuition
line:6efae9,häh,huh,,Player,ToughBirdTuition
line:c0e365,okay,okay,,Player,ToughBirdTuition
line:c84104,bis dann,later,,Original,ToughBirdExitNeutral
line:fafc6f,ach ja,oh yeah,"If you try to buy feathers after paying for tuition, the bird is nicer.",Original,ToughBirdBuyFeatherNice
line:2068f8,kein problem,no problem,,Original,ToughBirdBuyFeatherNice
line:cb2443,kannst sie für den normalen\npreis von 40 münzen haben,you can have it for the\nregular price of 40 coins,,Original,ToughBirdBuyFeatherNice
line:6938d1,klar!,sure!,,Original,ToughBirdBuyFeatherNice
line:9f5c4f,kannst sie für 40 münzen haben,you can have it for 40 coins,,Original,ToughBirdBuyFeatherNice
line:db7350,man sieht sich!,see ya later,,Original,ToughBirdBuyFeatherNice
line:99287e,oh warte,oh wait,,Player,ToughBirdBuyFeatherNice
line:6cf4bf,mir fehlt kohle,i'm short on cash,,Player,ToughBirdBuyFeatherNice
line:f67146,eigentlich...,actually...,,Original,ToughBirdBuyFeatherNice
line:e5cbce,"du hast schon alle federn\ngekauft, die ich noch hatte",you bought all the\nfeathers i had left,,Original,ToughBirdBuyFeatherNice
line:19dabf,sorry,sorry,,Original,ToughBirdBuyFeatherNice
line:7fcff9,ist ok,that's OK,,Player,ToughBirdBuyFeatherNice
line:3e8976,die uhr ist echt schön,the watch is really nice,If you talk to the old goat after delivering the watch.,Player,GoatDone
line:7f5ed0,"ach, danke dir",why thank you,,Original,GoatDone
line:97c9fe,sie war von meinem großvater,it was my grandfather's,,Original,GoatDone
line:546ed9,sie war schon um die ganze welt,it's been all around the world,,Original,GoatDone
line:c747af,ich hab sie tatsächlich schon mal verloren,i've actually lost this watch before,,Original,GoatDone
line:fa221d,zum glück,luckily,,Original,GoatDone
line:89b012,sie findet irgendwie immer wieder nach hause,it's always seemed to find its way home,,Original,GoatDone
line:7bd1ef,"hey, ich glaub ich hab deine uhr gefunden","hey, i think i found your watch",If you give the watch back.,Player,GoatGive
line:eff68a,ja!,yes!,,Original,GoatGive
line:677360,das ist sie!!,that's it!!,,Original,GoatGive
line:abc1c9,danke! vielen dank!!,thank you! thank you!!,,Original,GoatGive
line:d4347e,gern geschehen!,you're welcome!,,Player,GoatGive
line:094523,ich sollte mich revanchieren,i ought to return the favour,,Original,GoatGive
line:03dcec,bitte,please,,Original,GoatGive
line:d95867,nimm das hier,take this,,Original,GoatGive
line:85f9d5,silberne federn sind sehr selten,silver feathers are very rare,,Original,GoatGive
line:72666e,"mit einer in der hand,","with one in hand,",,Original,GoatGive
line:6083ad,kannst du schneller klettern,you can climb faster,,Original,GoatGive
line:94f75d,und höher fliegen!,and fly higher!,,Original,GoatGive
line:4bd63e,"hey, wieder da!",hey again!,"They say ""hey again"" only if you've already met them.",Original,RhinoStart
line:dc151d,hey du!,hey there!,,Original,RhinoStart
line:036988,was hast du heute vor?,what are you up to today?,,Original,RhinoStart
line:978863,äh,uh,,Player,RhinoStart
line:8f879a,ich wander zum Habichtsgipfel hoch,i'm hiking up to Hawk Peak,,Player,RhinoStart
line:af7466,das ist ne harte wanderung!,that's a tough hike!,,Original,RhinoStart
line:2d5d1b,weißt du,you know,,Original,RhinoStart
line:73be56,"du musst <color=red>klettern</color> lernen,\num nach ganz oben zu kommen!",you'll need to learn to <color=red>rock climb</color>\nto make it to the top!,,Original,RhinoStart
line:88b586,wieso trittst du nicht unserem\nkletterclub bei?,why not join our\nrock climbing club?,,Original,RhinoStart
line:64794d,oh äh,oh uh,,Player,RhinoStart
line:510fdb,seid ihr nur zu zweit?,is it just the two of you?,,Player,RhinoStart
line:7149bd,HEY!,HEY!,,ClimbSquirrel,RhinoStart
line:1535cf,DER KLETTERVEREIN HAT\nHUNDERTE MITGLIEDER IN\nÜBER 35 LÄNDERN WELTWEIT!,THE ROCK CLIMBERS ASSOCIATION\nHAS HUNDREDS OF MEMBERS SPANNING\nOVER 35 COUNTRIES WORLDWIDE!,,ClimbSquirrel,RhinoStart
line:ee02f6,"HUNDERTE MITGLIEDER, DIE DIE KUNST\nDES KLETTERNS IMMER WEITER VERFEINERN",HUNDREDS OF MEMBERS GROWING AND\nREFINING THE ART OF ROCK CLIMBING,,ClimbSquirrel,RhinoStart
line:239d8b,TREIBEN DAS HANDWERK BIS AN\nSEINE GRENZEN UND WEIT DARÜBER HINAUS,PUSHING THE CRAFT TO ITS\nABSOLUTE LIMIT AND BEYOND,,ClimbSquirrel,RhinoStart
line:ee8510,äh,uh,,Player,RhinoStart
line:53d1c0,ich meinte,i meant,,Player,RhinoStart
line:258d4f,wenn ihr nur zu zweit seid...,if it's just the two of you...,,Player,RhinoStart
line:ab6dd5,"so,","like,",,Player,RhinoStart
line:47b978,hier?,here?,,Player,RhinoStart
line:195560,...,...,,ClimbSquirrel,RhinoStart
line:e54ad7,UND WENN SCHON!?,WHAT OF IT!?,,ClimbSquirrel,RhinoStart
line:451176,"HÖR ZU, KLEINE",LISTEN KID,,ClimbSquirrel,RhinoStart
line:d84a7a,KLETTERN IST NICHTS FÜR ZARTE GEMÜTER,CLIMBING AIN'T FOR THE WEAK OF HEART,,ClimbSquirrel,RhinoStart
line:93890e,DIE MEISTEN LEUTE,MOST PEOPLE,,ClimbSquirrel,RhinoStart
line:74a72e,"HABEN NICHT, WAS ES BRAUCHT",DON'T HAVE WHAT IT TAKES,,ClimbSquirrel,RhinoStart
line:f6efc5,ähm,um,,Original,RhinoStart
line:5ff3ad,so schlimm ist es gar nicht!,it's not really that bad!,,Original,RhinoStart
line:9b7f63,na jedenfalls,so anyway,,Original,RhinoStart
line:021ae9,willst du dem kletterclub beitreten?,you want to join the climbers club?,,Original,RhinoAsk
line:132ea9,klar,sure,Dialogue choice.,Player,RhinoAsk
line:fa8e51,nö,nah,Dialogue choice.,Player,RhinoAsk
line:95ed98,super!!,great!!,,Original,RhinoAsk
line:50d470,wir haben unser drittes mitglied!,we've got our third member!,,Original,RhinoAsk
line:ce0480,NICHT DAS DRITTE,NOT THIRD,,ClimbSquirrel,RhinoAsk
line:a3badc,NUR EIN TROPFEN,JUST ANOTHER DROP,,ClimbSquirrel,RhinoAsk
line:3b1fed,UNTER HUNDERTEN,IN THE HUNDREDS,,ClimbSquirrel,RhinoAsk
line:e7d66d,WELTWEIT,WORLDWIDE,,ClimbSquirrel,RhinoAsk
line:084264,"schon gut, schon gut",alright alright,,Original,RhinoAsk
line:a4fa72,wie auch immer,anyway,Jump to RhinoInClub.,Original,RhinoAsk
line:99ea93,ach naja,aww well,If you decline.,Original,RhinoAsk
line:8663c6,"sag bescheid, falls du\nes dir anders überlegst",let me know if you\nchange your mind,,Original,RhinoAsk
line:00fa8b,hast du die feder schon?,so you got that feather?,,Original,RhinoInClub
line:1758a1,noch nicht...,not yet...,,Player,RhinoInClub
line:9ee6ae,die kosten 40 münzen,they cost 40 coins,,Player,RhinoInClub
line:f629a3,und ich hab nur {{Item_Coin}},and i only have {{Item_Coin}},,Player,RhinoInClub
line:968bf9,oh!,oh!,,Original,RhinoInClub
line:e63187,hmm,hmm,,Original,RhinoInClub
line:e5a798,ich leg dir den rest hin!,i can spot you the rest!,,Original,RhinoInClub
line:1557db,"woah, danke!","woah, thanks!",,Player,RhinoInClub
line:8586a7,kein problem!,no problem!,,Original,RhinoInClub
line:606c86,also zuerst mal,so first things first,If you don't have a golden feather and you don't know what theu cost.,Original,RhinoInClub
line:c6f899,hast du eine <color=red>goldene Feder?</color>,you got a <color=red>golden feather?</color>,,Original,RhinoInClub
line:18ca34,jup!,yup!,,Player,RhinoInClub
line:7ba1fd,super!,great!,,Original,RhinoInClub
line:668b67,"oh, noch nicht","oh, not yet",If you don't have one.,Player,RhinoInClub
line:9703a6,ah,ah,,Original,RhinoInClub
line:2b1f0e,ohne die kannst du nicht klettern,you can't climb without one,,Original,RhinoInClub
line:03ff54,aber du kannst sie im <color=red>Besucherzentrum</color> kaufen,but you can buy them at the <color=red>visitor center</color>,,Original,RhinoInClub
line:1ae06c,die sollten ziemlich günstig sein,they should be pretty cheap,,Original,RhinoInClub
line:b884a1,"komm zurück, wenn du eine gekauft hast!",come back when you've bought one!,,Original,RhinoInClub
line:cd696e,"also, für den anfang","so, to get started",If you do have a feather...,Original,RhinoTut
line:d83ef3,kannst du diese <color=red>kurze Wand</color> hier hochklettern,you can try climbing this <color=red>short wall</color> here,,Original,RhinoTut
line:869a9d,einfach <color=red>gegen die Wand drücken</color> und <color=red>{{JumpButton}} halten,just <color=red>push against the wall</color> and <color=red>hold {{JumpButton}},,Original,RhinoTut
line:514aa4,probier als nächstes die große hoch!,try climbing up the big one next!,,Original,RhinoTut
line:56818a,vielleicht musst du von der\nanderen plattform aus springen,you might need to jump\nfrom the other platform,,Original,RhinoTut
line:db5c24,"probier, die <color=red>kurze Wand</color> hier hochzuklettern!",try climbing the <color=red>short wall</color> here!,,Original,RhinoTut
line:c4615f,einfach <color=red>gegen die Wand drücken</color> und <color=red>{{JumpButton}} halten,just <color=red>push against the wall</color> and <color=red>hold {{JumpButton}},,Original,RhinoTut
line:1ffe75,gut gemacht!,nice one!,After doing the small climbing wall.,Original,ClimbWall1Start
line:7fe2ae,WIE AUCH IMMER,WHATEVER,,ClimbSquirrel,ClimbWall1Start
line:b36522,...,...,,Original,ClimbWall1Start
line:6bfb52,die kletterei ist einfach,that climb is easy,,ClimbSquirrel,ClimbWall1Start
line:1d4aeb,echte profis nehmen die große wand,real pros use the big wall,,ClimbSquirrel,ClimbWall1Start
line:067362,"woah, gut geklettert!","woah, good climbing!",After climbing the big wall.,Original,ClimbWall2Start
line:adcee5,"ach, ging so",eh it was alright,,ClimbSquirrel,ClimbWall2Start
line:92f199,also,so,,Original,ClimbWall2Start
line:e4504b,"ich weiß, du kannst ja fliegen und so",i know you can fly and all,,Original,ClimbWall2Start
line:2db8d4,"aber deine <color=red>ausdauer hält länger</color>,\nwenn du stattdessen kletterst",but your <color=red>stamina will last longer</color>\nif you climb places instead,,Original,ClimbWall2Start
line:3963cb,einfach mal so im hinterkopf behalten,just something to keep in mind,,Original,ClimbWall2Start
line:9d5f6b,cool,cool,,Player,ClimbWall2Start
line:de1b34,was kommt jetzt?,so what's next?,,Player,ClimbWall2Start
line:10be3d,ZUM HABICHTSGIPFEL!,TO HAWK PEAK!,,ClimbSquirrel,ClimbWall2Start
line:7a4c15,oh ok,oh ok,,Player,ClimbWall2Start
line:862787,ich muss mich noch selbst aufwärmen,i still need to warm up myself,,Original,ClimbWall2Start
line:7c9442,aber man sieht sich oben?,but i'll see ya up there?,,Original,ClimbWall2Start
line:b2c223,alles klar!,alright!,,Player,ClimbWall2Start
line:3395b7,ähh,uhh,If you fly to the top instead of climbing...,Original,FlyWall1Start
line:7d2364,"ich weiß, du kannst ja fliegen und so",i know you can fly and all,,Original,FlyWall1Start
line:d53273,aber das hier ist der kletterclub,but this is the climbing club,,Original,FlyWall1Start
line:677918,ja!,yeah!,,ClimbSquirrel,FlyWall1Start
line:0cb735,der KLETTERclub!,the CLIMBING club!,,ClimbSquirrel,FlyWall1Start
line:1000df,...,...,,Original,FlyWall1Start
line:e3d719,wie auch immer,anyway,,Original,FlyWall1Start
line:ed61f7,"kannst du stattdessen versuchen,\nda hoch zu klettern?",could you try climbing\nup there instead?,,Original,FlyWall1Start
line:ec75d1,da hoch zu fliegen ist cool,flying up there is cool,If you do it again...,Original,FlyWall2Start
line:cc8125,aber,but,,Original,FlyWall2Start
line:ae24d2,das hier ist ein club fürs klettern...,this is a club about climbing...,,Original,FlyWall2Start
line:7a5fee,ja!,yeah!,,ClimbSquirrel,FlyWall2Start
line:c60dfd,"sieht irgendwie so aus, als\nwürdest du nur angeben",it kinda seems like\nyou're just showing off,,ClimbSquirrel,FlyWall2Start
line:486524,"nein, tu ich nicht!","no, i'm not!",,Player,FlyWall2Start
line:1acd7e,ich,i just,,Player,FlyWall2Start
line:d22a9a,flieg wohl einfach gern rum,like to fly places i guess,,Player,FlyWall2Start
line:c63312,gib klettern ne chance!,give climbing a try!,,Original,FlyWall2Start
line:65c4e9,macht auch spaß,it's fun too,,Original,FlyWall2Start
line:61f2b9,äh,uh,If you talk to the Rhino again after the tutorial.,Original,RhinoTalk
line:198b54,sorry wegen Tim,sorry about tim,,Original,RhinoTalk
line:43219b,ist nicht persönlich,it's not personal,,Original,RhinoTalk
line:c08537,er ist heute nur mies drauf,he's just cranky today,,Original,RhinoTalk
line:6afb4f,MIR GEHT'S GUT!,I'M FINE!,,ClimbSquirrel,RhinoTalk
line:e8b063,"wir freuen uns total, dass du dabei bist!",we're really glad you joined!,,Original,RhinoTalk
line:823b1b,äh,uh,,Player,RhinoTalk
line:694ad1,danke!,thanks!,,Player,RhinoTalk
line:f1bb42,wieso ist er denn mies drauf?,so why is he cranky?,If you talk again.,Player,RhinoTalk
line:669fe9,äh,uh,,Original,RhinoTalk
line:3cc537,eigentlich,actually,,Original,RhinoTalk
line:a7c663,er ist eigentlich immer bisschen mies drauf,he's always a little bit cranky,,Original,RhinoTalk
line:531d58,"ICH KANN EUCH HÖREN, WISST IHR!?","I CAN HEAR YOU, YOU KNOW!?",,ClimbSquirrel,RhinoTalk
line:52176b,ich bin beschäftigt,i'm busy,If you talk to the squirrel.,Original,SquirrelStart
line:0a065a,willste das geheimnis vom klettern wissen?,want know the secret to climbing?,"If you talk to the squirrel, after joing the club.",Original,SquirrelStart
line:9e8880,klar,sure,,Player,SquirrelStart
line:22ebd2,immer nur klettern klettern,climb climb all the time,,Original,SquirrelStart
line:5e38c0,nice,neat,,Player,SquirrelStart
line:ef2eec,du kannst die große wand ausprobieren,you can try out the big wall,,Player,SquirrelStart
line:b8855d,sobald du die kurze wand drauf hast,once you master the short wall,,Player,SquirrelStart
line:732b78,"falls du probleme mit der\ngroßen wand hast,","if you're having trouble\nwith the big wall,",,Player,SquirrelStart
line:a36443,schau einfach meine technik an,just watch my technique,,Player,SquirrelStart
line:882439,die ist super verfeinert durch\nJAHRE des kletterns,it's highly refined from\nYEARS of climbing,,Player,SquirrelStart
line:2fe8f3,dann sehen wir uns wohl\nam Habichtsgipfel,i guess i'll see\nyou at Hawk Peak,,Player,SquirrelStart
line:19fd90,wohl schon!,i guess so!,,Player,SquirrelStart
line:e14dc0,ich mach dir nichts vor,i'm not gonna lie,,Original,SquirrelStart
line:e4ccc6,das wird eine harte kletterei,it'll be a tough climb,,Original,SquirrelStart
line:69f05d,"na, du weißt ja, was man sagt","well, you know what they say",,Player,SquirrelStart
line:67aad7,was?,what?,,Original,SquirrelStart
line:f0fea7,immer nur klettern klettern,climb climb all the time,,Player,SquirrelStart
line:8291ec,heh,heh,,Original,SquirrelStart
line:0bf099,wohl schon,i guess so,,Original,SquirrelStart
line:4a8b2b,"<sprite name=""LeftArrow"" tint=1> Zurück zur Habichtsgipfel-Insel","<sprite name=""LeftArrow"" tint=1> Back To Hawk Peak Island",,Original,ToSecretIslandStart
line:14872b,oh hey!,oh hey!,When you meet the climbers again later in the game.,Original,RhinoClimbStart
line:2434ce,äh,uh,,Original,RhinoClimbStart
line:6308ee,"sieht so aus, als hättest du das\nklettern echt drauf!",it seems like you've really\ngotten the hang of climbing!,,Original,RhinoClimbStart
line:6fa087,ja!,yeah!,,Player,RhinoClimbStart
line:731080,HEY ÄHH,HEY UHH,,TimScared,RhinoClimbStart
line:122814,ÄHM,UMM,,TimScared,RhinoClimbStart
line:ec820f,ICH GLAUB,I THINK,,TimScared,RhinoClimbStart
line:e53dfc,ICH STECK FEST,I'M STUCK,,TimScared,RhinoClimbStart
line:a36c64,Tim!,tim!,,Original,RhinoClimbStart
line:1e459c,ES IST ZU HOCH,IT'S TOO HIGH,,TimScared,RhinoClimbStart
line:7d3730,WAS HAB ICH GETAN,WHAT HAVE I DONE,,TimScared,RhinoClimbStart
line:b09cc0,ICH KANN DAS NICHT,I CAN'T DO THIS,,TimScared,RhinoClimbStart
line:44af6e,TIM!,TIM!,,Original,RhinoClimbStart
line:7963cc,atme tief durch,take a deep breath,,Original,RhinoClimbStart
line:5c0d67,versuch ruhig zu bleiben,try and remain calm,,Original,RhinoClimbStart
line:705993,du machst das super,you're doing great,,Original,RhinoClimbStart
line:27857c,"und du WEISST, dass du das schaffst",and you KNOW you can handle this,,Original,RhinoClimbStart
line:257951,TU ICH DAS?,CAN I?,,TimScared,RhinoClimbStart
line:bc94be,WAS MACH ICH HIER!?,WHAT AM I DOING!?,,TimScared,RhinoClimbStart
line:e2fbae,fokus auf den nächsten schritt!,just focus on the next step!,,Original,RhinoClimbStart
line:0dadb4,du SCHAFFST das!,you've GOT this!,,Original,RhinoClimbStart
line:f29970,ICH SCHAFF DAS?,I'VE GOT THIS?,,TimScared,RhinoClimbStart
line:be8e75,ICH SCHAFF DAS,I'VE GOT THIS,,TimScared,RhinoClimbStart
line:91671a,äh,uh,If you talk to them again.,TimScared,RhinoClimbStart
line:1338a8,das könnte ne weile dauern,this might take a while,,TimScared,RhinoClimbStart
line:a687a6,wir holen dich später ein,we'll catch up with you later,,TimScared,RhinoClimbStart
line:89ad8e,ich kümmer mich um ihn!,i'll make sure he's OK!,,TimScared,RhinoClimbStart
line:03e39c,hast du's bis nach oben geschafft?,did you make it to the top?,If you talk to your Aunt after reaching the top.,Original,AuntFinishedBody
line:184abe,ja!,yeah!,,Player,AuntFinishedBody
line:019ffa,es war echt schön,it was really nice,,Player,AuntFinishedBody
line:00bc9b,"ich versteh jetzt, wieso du es so magst",i can see why you like it so much,,Player,AuntFinishedBody
line:e40dfc,allerdings,though,,Player,AuntFinishedBody
line:30d49e,"es war nicht wirklich eine ""kurze Wanderung""","it wasn't exactly a ""short hike""",,Player,AuntFinishedBody
line:5d3b37,ich bin echt müde,i'm really tired,,Player,AuntFinishedBody
line:3e962c,haha,haha,,Original,AuntFinishedBody
line:2de29d,nun,well,,Original,AuntFinishedBody
line:a6fd6c,das war vielleicht ein\nbisschen untertrieben!,maybe that was a bit\nof an understatement!,,Original,AuntFinishedBody
line:2ee7f9,nur ein bisschen!!,only a bit!!,,Player,AuntFinishedBody
line:afdb51,oh,oh,"If you talk to your Aunt after reaching the top, again.",Player,AuntFinalDialogue
line:4c10ab,hätt ich fast vergessen,i almost forgot,,Player,AuntFinalDialogue
line:02acdc,Mama lässt grüßen,mom says hi,,Player,AuntFinalDialogue
line:d34760,und...,and...,,Player,AuntFinalDialogue
line:cfbf14,es war alles ok,everything was ok,,Player,AuntFinalDialogue
line:851ea7,"schön, das zu hören",that's great to hear,,Original,AuntFinalDialogue
line:0aed09,deine Mama ist ein zäher Vogel,your mom is a tough bird,,Original,AuntFinalDialogue
line:7f4c32,"ich wusste, dass es ihr gut geht",i knew she'd be alright,,Original,AuntFinalDialogue
line:d54e22,"bin echt froh, dass ich kam",i'm really glad i came,,Player,AuntFinalDialogue
line:67e9f4,es war schön,it's been nice,,Player,AuntFinalDialogue
line:88bf5f,"schön, dass du hier bist",i'm glad you're here,,Original,AuntFinalDialogue
line:f996c9,du kannst jederzeit wieder vorbeikommen!,you can visit again anytime!,,Original,AuntFinalDialogue
line:40255a,hey!,hey!,,Player,Artist1Start
line:cb8556,was malst du da?,whatcha painting?,,Player,Artist1Start
line:c5fd2d,oh...,oh...,,Original,Artist1Start
line:28f4eb,siehst du's nicht?,you can't tell?,,Original,Artist1Start
line:3cdd76,ähm,um,,Original,Artist1Start
line:21edbb,das soll die küste sein,it's supposed to be the coastline,,Original,Artist1Start
line:65a659,eigentlich,though,,Original,Artist1Start
line:d1a1d3,ich versuch mehr so einen...,i'm trying to go for a more...,,Original,Artist1Start
line:5c67df,...abstrakten look hinzukriegen,...abstract look,,Original,Artist1Start
line:cc88da,ah,ah,,Player,Artist1Start
line:887a86,ich glaub ich seh's jetzt,i think i can see it now,,Player,Artist1Start
line:e89e72,ist noch work in progress!,it's still a work-in-progress!,,Original,Artist1Start
line:ccf33e,aber ich weiß nicht ob mir\ngefällt wohin das führt,but i don't know if i\nlike where it's going,,Original,Artist1Start
line:a1cc69,ich glaub ich geh bald\nrüber zum schwarzholzwald-leuchtturm,i think i'm gonna head over to the\nblackwood forest lighthouse soon,,Original,Artist1Start
line:1d8901,ich bin immer noch...,i'm still...,,Original,Artist1Start
line:992933,...auf der suche nach\nder richtigen inspiration,...trying to find the\nright inspiration,,Original,Artist1Start
line:7fc822,so,so,If you talk to them again.,Player,Artist1Start
line:e77436,der strand ist der große\ngelbe fleck da?,the beach is that big\nyellow smudge there?,,Player,Artist1Start
line:3acd9f,ich...,i...,,Original,Artist1Start
line:2e2ac9,glaub schon?,think so?,,Original,Artist1Start
line:c95c26,es geht mehr um die\nstimmung vom strand,it's more about the\nmood of the beach,,Original,Artist1Start
line:f89d83,als um den strand selbst,than the beach itself,,Original,Artist1Start
line:759dff,ooh,ooh,,Player,Artist1Start
line:708412,ok,ok,,Player,Artist1Start
line:e04ed1,ich glaub ich lass\ndas erstmal ruhen,i think i'm gonna put\na pin in this one,If you talk to them again.,Player,Artist1Start
line:3a6654,hoffentlich hab ich beim\nleuchtturm mehr glück...,hopefully i'll have better\nluck at the lighthouse...,,Player,Artist1Start
line:22da5c,"hey, du schon wieder!","hey, it's you again!",,Original,Artist2Start
line:396fcd,jep!,yup!,,Player,Artist2Start
line:867a10,"typisch ich, schon wieder!!",classic me again!!,,Player,Artist2Start
line:93ec75,also,so,,Original,Artist2Start
line:d13984,was denkst du\nbisher darüber?,what do you think\nabout this so far?,,Original,Artist2Start
line:21c39a,...,...,,Player,Artist2Start
line:7b243c,woahh,woahh,,Player,Artist2Start
line:1eb3f4,das ist WIRKLICH gut!,this is REALLY good!,,Player,Artist2Start
line:c17a9f,es ist wie...,it's like...,,Player,Artist2Start
line:353744,besser als die realität!,better than real life!,,Player,Artist2Start
line:1e10ce,haha na ja,haha well,,Original,Artist2Start
line:07dfb2,ich glaub ich kann nicht\nmit der realität mithalten,i don't think i can\ncompete with real life,,Original,Artist2Start
line:205dc0,aber bisher bin ich zufrieden damit,but i am happy with it so far,,Original,Artist2Start
line:1ca871,...,...,,Original,Artist2Start
line:c83c44,ich weiß aber nicht ob's\nin meine ausstellung passt,"i don't know if it will\nfit into my exhibit, though",,Original,Artist2Start
line:d55b99,ich versuch mir was\ninteressanteres auszudenken...,i'm trying to come up with\nsomething more interesting...,,Original,Artist2Start
line:d28019,ich folg einem der flüsse\nbis zu seiner quelle,i'm gonna follow one of the\nrivers up to its source,,Original,Artist2Start
line:e35277,ich hab da ne idee für ein bild\naus der perspektive,i have an idea for a painting\nfrom that perspective,,Original,Artist2Start
line:c39625,welchem fluss folgst du?,what river are you gonna follow?,If you talk to them again.,Player,Artist2Start
line:1a0e69,wahrscheinlich dem auf\nder westseite vom berg,probably the one on\nthe west side of the mountain,,Original,Artist2Start
line:065421,der liegt weiter oben,it's higher up,,Original,Artist2Start
line:2df2aa,hmm,hmm,,Original,Artist3Start
line:6795a5,das bild funktioniert nicht,this painting isn't working,,Original,Artist3Start
line:71c3d6,was?,what?,,Player,Artist3Start
line:ff8410,ich find's gut!,i like it!,,Player,Artist3Start
line:edd9eb,danke,thanks,,Original,Artist3Start
line:2d1c54,dieser park bedeutet mir viel,this park is special to me,,Original,Artist3Start
line:5a9496,aber,but,,Original,Artist3Start
line:303aa2,ich glaub damit beeindruck\nich niemanden,i don't think i'm going to\nimpress anyone with these,,Original,Artist3Start
line:4787d7,hey!,hey!,,Player,Artist3Start
line:55e756,ICH bin beeindruckt!,I'M impressed!,,Player,Artist3Start
line:55791a,"ich mein, so","i mean, like",,Original,Artist3Start
line:48a619,irgendwen beeindrucken,leave an impression on anyone,,Original,Artist3Start
line:027722,...,...,,Original,Artist3Start
line:ff135f,ich muss den leuten zeigen dass ich...,i have to show people that i'm...,,Original,Artist3Start
line:2c368b,etwas wertvolles erreiche,achieving something worthwhile,,Original,Artist3Start
line:4b27c2,"so wie,","like,",,Original,Artist3Start
line:c87b69,akademisch,academically,,Original,Artist3Start
line:fb4f56,hmm,hmm,,Player,Artist3Start
line:66b6eb,ich hab gehört,i heard,,Original,Artist3Start
line:6d7a36,im schatten vom berg\ngibt's einen friedhof,there's a graveyard in the\nshadow of the mountain,,Original,Artist3Start
line:ae3f49,das versuch ich als nächstes,i'm gonna try that next,,Original,Artist3Start
line:e051ca,wieso der friedhof?,why the graveyard?,If you talk to them again.,Player,Artist3Start
line:e851bc,bin mir nicht sicher,i'm not sure,,Original,Artist3Start
line:7b1864,ich will einfach mal was\nanderes ausprobieren,i just wanna try\nsomething different,,Original,Artist3Start
line:77e86f,bist du...,are you...,,Player,Artist4Start
line:c71675,malst du im regen?,painting in the rain?,,Player,Artist4Start
line:1e252d,jep,yup,,Original,Artist4Start
line:65ee85,geht das überhaupt?,is that possible?,,Player,Artist4Start
line:f4008d,ich versuch's!,i'm trying!,,Original,Artist4Start
line:261d69,ich hab nicht viel zeit,i don't have a lot of time,,Original,Artist4Start
line:924b88,die ausstellung ist nächste woche!,the exhibition is next week!,,Original,Artist4Start
line:aceded,oh,oh,,Player,Artist4Start
line:c64067,okay,okay,,Player,Artist4Start
line:341232,bisher hat noch\nnichts geklappt...,nothing has been\nworking so far...,,Original,Artist4Start
line:f4e7b1,ich wurde endlich eingeladen\nmeine arbeit in der stadt zu zeigen,i finally got invited to\nshow my work in the city,,Original,Artist4Start
line:d1da28,aber alle dort machen\nunglaubliche zeitgenössische kunst,but everyone there is doing\namazing contemporary work,,Original,Artist4Start
line:14b63a,ich weiß nicht ob ich da mithalten kann,i don't know if i can keep up,,Original,Artist4Start
line:946864,aber,but,,Player,Artist4Start
line:e35f98,dein zeug ist wunderschön,your stuff is beautiful,,Player,Artist4Start
line:f4a746,weißt du wer die veranstaltung kuratiert?,you know who is curating the event?,,Original,Artist4Start
line:208fa6,ian artsworth!,ian artsworth!,,Original,Artist4Start
line:ee7951,"der berühmte zeitgenössische\nkünstler, ian artsworth!!","famous contemporary artist,\nian artsworth!!",,Original,Artist4Start
line:79f2c8,er hat mich PERSÖNLICH\neingeladen mitzumachen,he PERSONALLY invited\nme to participate,,Original,Artist4Start
line:df4fee,und,and,,Original,Artist4Start
line:c897b3,und,and,,Original,Artist4Start
line:bf3999,ich tauch da auf mit\nmeinen langweiligen landschaften,i'm gonna show up with\nmy boring landscapes,,Original,Artist4Start
line:1de69e,und er wirft einen\nblick drauf,and he's gonna take\none look at 'em,,Original,Artist4Start
line:1d9512,und flüstert,and whisper,,Original,Artist4Start
line:9c05b9,"""das berührt mich nicht""","""this fails to resonate with me""",,Original,Artist4Start
line:8a33d6,und haut sie wahrscheinlich mit\neinem karatechop entzwei!!,and probably karate\nchop them in half!!,,Original,Artist4Start
line:0a04b0,was!?,what!?,,Player,Artist4Start
line:e80321,das macht er doch nicht!,he won't do that!,,Player,Artist4Start
line:5cdf3a,er KÖNNTE,he COULD,,Original,Artist4Start
line:ac9433,er hat AUSSERDEM einen schwarzgurt,he's ALSO a blackbelt,,Original,Artist4Start
line:5814d8,also ist es definitiv möglich,so it's definitely possible,,Original,Artist4Start
line:4da0e0,*seufz*,*sigh*,,Original,Artist4Start
line:7f43e9,aber du hast recht,but you're right,,Original,Artist4Start
line:f6ab71,hier zu malen bringt eh nichts,trying to paint here is useless,,Original,Artist4Start
line:879ba1,vielleicht hab ich am\naussichtspunkt mehr glück,maybe i'd have better\nluck at outlook point,,Original,Artist4Start
line:26c376,warum machst du nicht mal pause?,why don't you take a break?,If you talk to them again.,Player,Artist4Start
line:0ef726,du hast heute schon so viel geschafft,you've already done so much today,,Player,Artist4Start
line:f4a611,kann ich nicht,i can't,,Original,Artist4Start
line:3c3a15,ich muss den leuten zeigen\ndass ich was wert bin,i need to show people\nthat i'm worth something,,Original,Artist4Start
line:216a6e,ich mein,i mean,,Original,Artist4Start
line:c39bce,meine kunst ist was wert,my art is worth something,,Original,Artist4Start
line:a88b2d,WOAH!,WOAH!,,Player,Artist5Start
line:8265b1,das ist echt gut!!,this is really good!!,,Player,Artist5Start
line:ce64ef,ich liebe es!!!,i love it!!!,,Player,Artist5Start
line:0a2bad,oh hey,oh hey,,Original,Artist5Start
line:5a5c63,ich mag's auch aber,i like it too but,,Original,Artist5Start
line:367187,ich kann das nicht gebrauchen...,i can't use this...,,Original,Artist5Start
line:341304,der aussichtspunkt wurde\nzu tode gemalt,outlook point has been\npainted to death,,Original,Artist5Start
line:17efbd,ach ja?,has it?,,Player,Artist5Start
line:720fa5,du hast so einen coolen stil,you've got such a cool style,,Player,Artist5Start
line:4cea8f,danke aber,thanks but,,Original,Artist5Start
line:bfc5f7,es ist nur ein landschaftsbild,it's just a landscape painting,,Original,Artist5Start
line:665f02,das bringt nichts\nneues auf den tisch,this isn't bringing anything\nnew to the table,,Original,Artist5Start
line:0901ce,ich will...,i want...,,Original,Artist5Start
line:b280b0,ich will dass leute etwas FÜHLEN\nwenn sie meine arbeit anschauen,i want people to FEEL something\nwhen they look at my work,,Original,Artist5Start
line:b8aed6,aber,but,,Player,Artist5Start
line:a92fd6,ich fühl was!,i feel something!,,Player,Artist5Start
line:00901b,wenn ich's anschau,when i look at it,,Player,Artist5Start
line:c9e8cc,es...,it...,,Player,Artist5Start
line:69ccb7,macht mich glücklich,makes me happy,,Player,Artist5Start
line:1c18b9,wenn ich das an meiner wand hätte,if i had that on my wall,,Player,Artist5Start
line:aa4866,würd ich's mir\njeden tag anschauen,i'd look at\nit everyday,,Player,Artist5Start
line:500eb3,und,and,,Player,Artist5Start
line:19ac34,es würde jeden\ntag besser machen,it would make\neveryday better,,Player,Artist5Start
line:dbfd5a,wirklich?,really?,,Original,Artist5Start
line:a746d1,ja!,yes!,,Player,Artist5Start
line:52963e,ich wohn draußen in der stadt,i live out in the city,,Player,Artist5Start
line:1e0ac9,"ich liebe die stadt, aber...",i love the city but...,,Player,Artist5Start
line:0cccc3,sie hat nichts von dem hier,it's got none of this,,Player,Artist5Start
line:bc9c22,hmm,hmm,,Original,Artist5Start
line:e5b01f,"du wurdest doch zu dieser\nausstellung eingeladen, oder?",you were invited to\nthis show right?,,Player,Artist5Start
line:2be995,die haben dich eingeladen weil sie\nwissen dass deine arbeit gut ist!,they invited you cuz they\nknow your work is good!,,Player,Artist5Start
line:b23f3c,die wollen bestimmt\nauch das hier sehen!,i'm sure they wanna\nsee this too!,,Player,Artist5Start
line:58885a,ich weiß nicht,i don't know,,Original,Artist5Start
line:1bb420,da muss ich erst\ndrüber nachdenken,i need to think\nabout this,,Original,Artist5Start
line:200c86,ich such mir was\nneues zum malen,i'm gonna find something\nnew to paint,,Original,Artist5Start
line:3cd3e7,vielleicht,maybe,,Original,Artist5Start
line:4f81af,ich sollte zurück dahin\nwo ich angefangen hab...,i should head back\nto where i started...,,Original,Artist5Start
line:136964,geht's dir gut?,are you ok?,If you talk to them again.,Player,Artist5Start
line:41a956,ja,yeah,,Original,Artist5Start
line:53c24e,mir geht's gut,i'm good,,Original,Artist5Start
line:d5f1ab,man sieht sich!,i'll see you around,,Original,Artist5Start
line:d01363,ist ranger jon auch\nauf diesem bild?,is ranger jon gonna\nbe in this painting?,Ranger Jon is the Goat Ranger at the visitor center.,Player,Artist6Start
line:eacf94,jep!,yup!,,Original,Artist6Start
line:5fa9a3,er hat zugestimmt bei diesem dabei zu sein,he agreed to be in this one,,Original,Artist6Start
line:984ee0,weil er der beste ist,cuz he's the best,,Original,Artist6Start
line:e741de,aw,aw,,CampRangerNPC,Artist6Start
line:76421b,du bringst mich noch zum erröten,you're gonna make me blush,,CampRangerNPC,Artist6Start
line:442ac1,ist ok!,it's ok!,,Original,Artist6Start
line:ceeccb,ich kann auch die\nnicht-errötende version malen,i can paint the\nnot-blushing version,,Original,Artist6Start
line:7d939f,wenn du willst,if you want,,Original,Artist6Start
line:0e670b,woah,woah,,Player,Artist6Start
line:2abd45,das sieht echt gut aus!,this is looking really good!,,Player,Artist6Start
line:d26d5d,ich glaub ich mal einfach\ndas was ich malen will,i think i'm just gonna paint\nthe things i want to paint,,Original,Artist6Start
line:0551b4,anstatt,instead of,,Original,Artist6Start
line:195367,das zu malen von dem ich denke\ndass andere es von mir erwarten,painting the things i think\nother people want me to paint,,Original,Artist6Start
line:587c79,zumindest,at the very least,,Original,Artist6Start
line:68b97d,macht's die sache einfacher,it's making things easier,,Original,Artist6Start
line:f26794,und,and,,CampRangerNPC,Artist6Start
line:62e4dc,du willst MICH malen!?,you want to paint me!?,,CampRangerNPC,Artist6Start
line:07c624,ähh! na ja!,uhh! well!,,Original,Artist6Start
line:1866be,du gehörst auch zum park,you're a part of the park too,,Original,Artist6Start
line:274641,ich will einfach alle\nseiten vom park einfangen,i just want to capture\nall aspects the park,,Original,Artist6Start
line:5b539b,klingt cool!,that sounds cool!,,Player,Artist6Start
line:8c5f85,"oh, außerdem",oh also,,Original,Artist6Start
line:2100fa,auf dem weg vom berg\nrunter hab ich das gefunden,"on my way down from the\nmountain, i found this",,Original,Artist6Start
line:0d86ba,jon meinte du würdest\ndie sammeln,jon told me you\nwere collecting them,,Original,Artist6Start
line:0dd6a8,also dachte ich du\nsolltest es haben,so i thought you\nshould have it,,Original,Artist6Start
line:ed4dad,ich bin immer noch unsicher\nwas ich ausstellen soll,i'm still not so sure\nwhat i'll put in the exhibit,If you talk to them again.,Original,Artist6Start
line:927429,aber,but,,Original,Artist6Start
line:7bdaee,ich mach mir deswegen\nnicht mehr so viele sorgen,i don't feel as\nworried about it,,Original,Artist6Start
line:59ae27,ich glaub du solltest\neinfach alles ausstellen!,i think you should\nput it all in!,,Player,Artist6Start
line:ed26b6,ja?,yeah?,,Original,Artist6Start
line:883f76,sogar das verwässerte\nregenbild?,even the watered-down\nrainy painting?,,Original,Artist6Start
line:160a69,ja!,yeah!,,Player,Artist6Start
line:46270d,das gehört alles dazu!,it's all part of the experience!,,Player,Artist6Start
line:da3502,außerdem sah's ziemlich cool aus,plus it looked pretty cool,,Player,Artist6Start
line:653f1e,hmm,hmm,,Original,Artist6Start
line:ba0290,weißt du,you know,,Original,Artist6Start
line:43ae79,das ist gar keine schlechte idee!,that's not a bad idea!,,Original,Artist6Start
line:c004f2,bei dem hier will ich\nmir zeit lassen,i wanna spend some\ntime on this one,If you talk to them again.,Original,Artist6Start
line:dc5423,"den moment wirklich\neinfangen, weißt du?","really capture the\nmoment, you know?",,Original,Artist6Start
line:d9e008,wir reden später!,i'll talk to you later!,,Original,Artist6Start
line:3ddff8,"oh, wie spät ist es\neigentlich gerade",oh also what is the\ntime by the way,"If you talk to the Goat again, before you've found the watch.",Original,GoatExtra
line:3f0883,es ist {{Time}},it's {{Time}},,Player,GoatExtra
line:d74914,also,so,If you talk to them again.,Player,GoatExtra
line:012c50,denkst du jemand anders\nhat sie schon gefunden?,do you think someone else\nmight have found it already?,,Player,GoatExtra
line:dfd1df,"na ja, nein","well, no",,Original,GoatExtra
line:5336a5,meine telefonnummer\nsteht auf der rückseite,my phone number is\non the back,,Original,GoatExtra
line:0260b8,"wenn also jemand sie\nfindet, ruft er mich an!","so if someone found\nit, they'd call me!",,Original,GoatExtra
line:c7900d,es sei denn...,unless...,,Original,GoatExtra
line:d41a6a,die haben wirklich geld\ngebraucht oder so was!?!,they really needed\nmoney or something!?!,,Original,GoatExtra
line:5d1a1a,...UND SIE IM INTERNET VERKAUFT!?,...AND SOLD IT ON THE INTERNET!?,,Original,GoatExtra
line:b08487,oh äh,oh uh,,Player,GoatExtra
line:39e331,keine sorge!,don't worry!,,Player,GoatExtra
line:3b5b8f,sie ist bestimmt noch irgendwo da draußen,i'm sure it's still out there,,Player,GoatExtra
line:aeab6a,ich versteh das internet einfach nicht,i just don't get the internet,,Original,GoatExtra
line:74bfc8,trau dem nicht,don't trust it,,Original,GoatExtra
line:5e700f,werd ich auch nie,never will,,Original,GoatExtra
line:3ea8a9,bitte finde meine uhr...,please find my watch...,If you talk to them again.,Original,GoatExtra
line:8ac825,BEVOR INTERNET-DIEBE\nSIE ZUERST FINDEN!!,BEFORE INTERNET THIEVES\nFIND IT FIRST!!,,Original,GoatExtra
line:d96b36,denkst du jemand hat\nes vielleicht aufgehoben?,do you think someone\nmight have picked it up?,"If you talk to the rabbit before you've found the headband, but are looking for it.",Player,RaceRabbitExtra
line:88f46d,glaub ich nicht..?,i don't think so..?,,Original,RaceRabbitExtra
line:b1b697,es sei denn,unless,,Original,RaceRabbitExtra
line:5311dc,jemand dachte es wär...,someone thought it...,,Original,RaceRabbitExtra
line:23e578,...müll...,...it was trash...,,Original,RaceRabbitExtra
line:214054,schon glück gehabt mit\nmeinem stirnband?,any luck finding\nmy headband yet?,If you talk to them again.,Original,RaceRabbitExtra
line:a27dcf,sorry,sorry,,Player,RaceRabbitExtra
line:bc62f4,noch kein glück,no luck yet,,Player,RaceRabbitExtra
line:bf2aa7,ok... danke,ok... thanks,,Original,RaceRabbitExtra
line:3f1e65,ich freu mich total\naufs frühstück!,i'm so stoked\nto eat breakfast!,,Original,RelaxedFrogStart
line:f33d5a,aber,but,,Player,RelaxedFrogStart
line:aeb6ed,es ist doch schon nachmittag?,it's already the afternoon?,,Player,RelaxedFrogStart
line:aeb91a,das frühstück von morgen!,tomorrow's breakfast!,,Original,RelaxedFrogStart
line:a2dfe9,es ist die beste\nmahlzeit des tages.,it's the best meal\nof the day.,,Original,RelaxedFrogStart
line:2b7200,manchmal wenn ich grad\nins bett will...,sometimes when i'm\nabout to go to bed...,,Original,RelaxedFrogStart
line:3e86b6,...werd ich bei dem gedanken so aufgeregt\ndass ich nicht einschlafen kann!,...i get so excited by the thought\nof it that i have trouble sleeping!,,Original,RelaxedFrogStart
line:e96648,was macht frühstück denn so toll?,so what makes breakfast so great?,If you talk to them again.,Player,RelaxedFrogStart
line:1c4b18,krass,dang,,Original,RelaxedFrogStart
line:b51670,hast du schon mal einen pancake gegessen?,you ever had a pancake before?,,Original,RelaxedFrogStart
line:1fd4aa,ja,yeah,,Player,RelaxedFrogStart
line:2db4db,bacon? waffeln?,bacon? waffles?,,Original,RelaxedFrogStart
line:baa002,eier? french toast?,eggs? french toast?,,Original,RelaxedFrogStart
line:eaecf5,EINE OBSTSCHALE!?!,A FRUIT BOWL!?!,,Original,RelaxedFrogStart
line:cae41c,ja zu allem!,yes to all!,,Player,RelaxedFrogStart
line:a7c084,du weißt also wovon ich rede!,so you know what i'm talking about!,,Original,RelaxedFrogStart
line:fc940c,lass dich nicht stören,don't mind me,If you talk to them again.,Original,RelaxedFrogStart
line:3ca22e,nur am tagträumen...,just daydreaming...,,Original,RelaxedFrogStart
line:4e5c44,...von zimtwaffeln,...about cinnamon waffles,,Original,RelaxedFrogStart
line:daaed9,versuch immer noch mich fürs\nnächste semester zu sammeln,still trying to get my act\ntogether for next semester,If you ask the Tough Bird about their student loans again.,Original,ToughBirdWhatsUp
line:977ba3,du brauchst noch 400 münzen?,you still need to find 400 coins?,,Player,ToughBirdWhatsUp
line:657539,ja...,yeah...,,Original,ToughBirdWhatsUp
line:06cf0f,der restbetrag von meinem studienkredit,the balance on my student loan,If you talk to them again.,Original,ToughBirdWhatsUp
line:7b59e6,oh,oh,,Player,ToughBirdWhatsUp
line:b8e654,aber ja,but yeah,,Original,ToughBirdWhatsUp
line:e699bc,ansonsten,other than that,,Original,ToughBirdWhatsUp
line:535fb6,so gut wie nichts,pretty much nothing,,Original,ToughBirdWhatsUp
line:282971,hey!,hey!,,Player,VolleyKidStart
line:eace1c,sieht so aus als hättet\nihr das netz aufgebaut!,looks like you got\nthe net set up!,,Player,VolleyKidStart
line:1b230a,spielt ihr zwei gleich\nvolleyball?,are you two gonna\nplay volleyball?,,Player,VolleyKidStart
line:b608c0,volleyball?,volleyball?,,Original,VolleyKidStart
line:5eae80,ne,nah,,Original,VolleyKidStart
line:236eea,wir haben unser EIGENES spiel erfunden,we invented our OWN game,,Original,VolleyKidStart
line:940bfd,ich glaub das wird das\nnächste große ding!,i think it's gonna be\nthe next big thing!,,Original,VolleyKidStart
line:c34252,alright!,alright!,,Player,VolleyKidStart
line:d452b2,CLAIRE!,CLAIRE!,,Original,VolleyKidStart
line:25637c,??,??,,Player,VolleyKidStart
line:ae6100,ich fordere DICH FÖRMLICH\nzu einer partie...,i FORMALLY challenge YOU\nto a game of...,,Original,VolleyKidStart
line:0da49e,STRANDSTOCKBALL!!!,BEACHSTICKBALL!!!,,Original,VolleyKidStart
line:0e7130,ooooOOOOoooo,ooooOOOOoooo,,RefereeKid,VolleyKidStart
line:fcd4d9,das heißt du MUSST mitspielen,that means you HAVE to play,,Original,VolleyKidStart
line:c54521,ja!!,yeah!!,,RefereeKid,VolleyKidStart
line:5874b0,du MUSST!!,you HAVE to!!,,RefereeKid,VolleyKidStart
line:a9599e,das ist das GESETZ!!,it's the LAW!!,,RefereeKid,VolleyKidStart
line:1ed3fe,gegen das gesetz kommst du nicht an!,you can't fight the law!,,Original,VolleyKidStart
line:5d1349,ok ok,ok ok,,Player,VolleyKidStart
line:1ecb33,ich spiel mit,i'll play,,Player,VolleyKidStart
line:9e0777,yaay!!,yaay!!,,RefereeKid,VolleyKidStart
line:e6d27a,also...,so...,,Player,VolleyKidStart
line:ab5157,wie spielt man das?,how do you play?,,Player,VolleyKidStart
line:27516b,geh rüber auf die\nandere seite vom feld,step over to the\nother side of court,,Original,VolleyKidStart
line:e49e25,und ich bring dir\nalles bei was ich weiß,and i'll teach you\neverything i know,,Original,VolleyKidStart
line:54218a,du musst auf die andere\nseite um mitzuspielen!,you gotta go to the\nother side to play!,,Original,VolleyKidStart
line:e1b41b,hey Julie!,hey julie!,,Player,RefereeKidStart
line:27af03,hi!!,hi!!,,Original,RefereeKidStart
line:d9a92b,wie läuft dein tag?,how's the day going?,,Player,RefereeKidStart
line:ec6e4b,wir spielen gleich spiele!!,we're gonna play games!!,,Original,RefereeKidStart
line:335d06,DEN GANZEN TAG!!,ALL DAY!!,,Original,RefereeKidStart
line:f5d2c6,klingt lustig!,sounds fun!,,Player,RefereeKidStart
line:bc462d,wie gefällt dir der große stuhl?,how do you like the big chair?,If you talk to them again.,Player,RefereeKidStart
line:d8124a,der ist super!!,it's great!!,,Original,RefereeKidStart
line:165d45,hmm,hmm,,Player,RefereeKidStart
line:fe982c,wo hast du den stuhl\neigentlich her?,where'd you get that\nchair from anyway?,If you talk to them again.,Player,RefereeKidStart
line:01280d,wir haben ihn geklaut!!,we stole it!!,,Original,RefereeKidStart
line:ff0db0,oh,oh,,Player,RefereeKidStart
line:c12629,bringst du ihn zurück\nwenn ihr fertig seid?,are you gonna return\nit when you're done?,If you talk to them again.,Player,RefereeKidStart
line:0a45f1,nope!!,nope!!,,Original,RefereeKidStart
line:269405,ihr solltet den stuhl\nwahrscheinlich zurückbringen,you two should probably\nreturn that chair,If you talk to them again.,Player,RefereeKidStart
line:27aaa2,hmmm!!,hmmm!!,,Original,RefereeKidStart
line:f6916a,vielleicht!!,maybe!!,,Original,RefereeKidStart
line:825d07,also,so,,Original,VolleyballGameStart
line:4e330b,strandstockball hat nur\ndrei einfache Regeln,beachstickball has only\nthree simple rules,,Original,VolleyballGameStart
line:2efd90,REGEL NUMMER EINS!,RULE NUMBER ONE!,,Original,VolleyballGameStart
line:3feb13,schlag den Ball mit deinem Stock,hit the ball with your stick,,Original,VolleyballGameStart
line:ddd9ff,"ja, hau richtig drauf!!",yeah hit it real hard!!,,RefereeKid,VolleyballGameStart
line:d23681,REGEL NUMMER ZWEI!,RULE NUMBER TWO!,,Original,VolleyballGameStart
line:0d0089,lass ihn nicht den Boden berühren,don't let it hit the ground,,Original,VolleyballGameStart
line:5d7570,"na ja, meistens...","i mean, for the most part...",,Original,VolleyballGameStart
line:5c85e8,Julie ist die Schiedsrichterin\nalso liegt alles bei ihr!,julie is the ref\nso it's all up to her!,,Original,VolleyballGameStart
line:5bd30a,alles liegt bei mir!!,it's all up to me!!,,RefereeKid,VolleyballGameStart
line:c7ce89,REGEL NUMMER DREI!,RULE NUMBER THREE!,,Original,VolleyballGameStart
line:b5583e,glaub an dich selbst,believe in yourself,,Original,VolleyballGameStart
line:4156f6,das ist die wichtigste Regel,that's the most important rule,,Original,VolleyballGameStart
line:3f7cc4,vergiss das NIE!!,don't EVER forget it!!,,RefereeKid,VolleyballGameStart
line:f3d19e,das war's im großen und ganzen,that's pretty much it,,Original,VolleyballGameStart
line:d16a9a,bist du bereit?,are you ready?,,Original,VolleyballGameStart
line:0a8cf6,ich glaub schon?,i guess so?,,Player,VolleyballGameStart
line:41bacf,die Antwort ist NEIN!,the answer is NO!,,Original,VolleyballGameStart
line:6c5cfa,du musst zuerst deinen Stock ausrüsten!,you need to equip your stick first!,,Original,VolleyballGameStart
line:e99927,OK FERTIG LOS!!!,OK READY SET GO!!!,,Original,VolleyballGameStart
line:e7e466,du musst den STOCK ausrüsten!!,you need to equip the STICK!!,If you don't have the stick equipped.,Original,VolleyballGameMain
line:f20676,...,...,,Original,VolleyballGameMain
line:b88e3a,"ich spiel nicht mit, wenn du\nschon wieder die Spitzhacke benutzt...",i'm not gonna play if you're\ngonna use the pickaxe again...,If you break the ball with the pickaxe.,Original,VolleyballGameMain
line:515e71,OK FERTIG LOS!!!,OK READY SET GO!!!,,Original,VolleyballGameMain
line:365ee6,OK LOS GEHT'S!!!,OK HERE WE GO!!!,,Original,VolleyballGameMain
line:e67793,OK AUF GEHT'S!!!,OK LET'S DO THIS!!!,,Original,VolleyballGameMain
line:c6acf5,OK OK OK LOOOS!!!,OK OK OK GOOO!!!,,Original,VolleyballGameMain
line:574ca3,ZEIT ZUM DUELL!!!,TIME TO DUEL!!!,,Original,VolleyballGameMain
line:aa4bed,ups,oops,,Player,FirstVolleyLost
line:5dadd5,hab ich verloren?,did i lose?,,Player,FirstVolleyLost
line:52cd58,NÖ!!,NOPE!!,,RefereeKid,FirstVolleyLost
line:f8372e,man kann nie verlieren!!,you can never lose!!,,RefereeKid,FirstVolleyLost
line:765cd5,wenn man Strandstockball spielt...,when you play beachstickball...,,Original,FirstVolleyLost
line:f0410f,ALLE gewinnen!,EVERYONE wins!,,Original,FirstVolleyLost
line:28f450,...,...,,Original,FirstVolleyLost
line:d91e60,außer man lässt den Ball platzen,except if you pop the ball,,Original,FirstVolleyLost
line:b5a094,dann hat man wohl verloren,then i guess you lose,,Original,FirstVolleyLost
line:143677,ansonsten,otherwise,,Original,FirstVolleyLost
line:03da1b,Strandstockball ist ein\nreines Koopspiel!,beachstickball is a\npurely coop game!,,Original,FirstVolleyLost
line:557881,du meinst Ko-op-Spiel?,you mean co-op game?,,Player,FirstVolleyLost
line:cca8a2,"ja, ein Koopspiel!","yeah, a coop game!",,Original,FirstVolleyLost
line:8ef8db,"das heißt, wir arbeiten zusammen\nfür einen Highscore!",it means we work together\nto get a high score!,,Original,FirstVolleyLost
line:d6d71e,das klingt schön,that sounds nice,,Player,FirstVolleyLost
line:99ffbb,"wir kriegen einen Punkt für\njeden Pass, den wir schaffen",we get a point for\nevery pass we make,,Original,FirstVolleyLost
line:f477a3,"wenn wir 10 Punkte schaffen,\nkriegst du einen Preis!",if we can get to 10 points\ni'll give you a prize!,,Original,FirstVolleyLost
line:22ba0c,du hast schon 10 Punkte!!,you already got 10 points!!,,RefereeKid,FirstVolleyLost
line:d5064e,dein Punktestand ist {{BallHits}},your score is {{BallHits}},,RefereeKid,FirstVolleyLost
line:bf1b68,oh!,oh!,,Original,FirstVolleyLost
line:0d566e,na ja,well,,Original,FirstVolleyLost
line:2da316,dann schuld ich dir wohl einen Preis!,i guess i owe you a prize!,,Original,FirstVolleyLost
line:b69933,wir haben SCHON 30 PUNKTE?!?!,we ALREADY hit 30 POINTS?!?!,,Original,FirstVolleyLost
line:c88b21,wir haben SCHON 20 Punkte?!,we ALREADY hit 20 points?!,,Original,FirstVolleyLost
line:ba370a,"das ist mehr, als wir\njemals geschafft haben!!",that's more than\nwe've ever done before!!,,Original,FirstVolleyLost
line:3e117b,Claire...,claire...,,Original,FirstVolleyLost
line:0ead04,du bist ein WUNDERKIND!,you're a PRODIGY!,,Original,FirstVolleyLost
line:905691,nimm diese goldene Feder,take this golden feather,,Original,FirstVolleyLost
line:95a4d1,und außerdem,and also,,Original,FirstVolleyLost
line:dd9f1f,nimm das hier,take this,,Original,GiveVolleyPrize
line:098c2d,du bist echt gut!,you're really good!,,Original,GiveVolleyPrize
line:f7626c,hmm,hmm,,Original,GiveVolleyPrize
line:0b898c,"ich wollte dir auch einen\nzweiten Preis geben, weil du 20 geschafft hast!",i also wanted to give you a\nsecond prize for making it to 20!,,Original,GiveVolleyPrize
line:b5b3e5,...,...,,Original,GiveVolleyPrize
line:b32983,mit deinem Talent schaffen\nwir vielleicht sogar 20!,"with your skill, we might even\nbe able to make it to 20!",,Original,GiveVolleyPrize
line:fed812,aber das wäre trotzdem\nziemlich schwer...,but that would still\nbe pretty hard...,,Original,GiveVolleyPrize
line:0905b1,NEEEEEEEEEEEEEEEIN,NOOOOOOOOOOOOOOOO,If you pop the ball with the pickaxe.,Original,PoppedBallEnd
line:cf975b,...wie?,...how?,,Original,PoppedBallEnd
line:3efb69,...warum??,...why??,,Original,PoppedBallEnd
line:5115e6,äh!,uh!,,Player,PoppedBallEnd
line:168874,sorry,sorry,,Player,PoppedBallEnd
line:1ab33e,das war vielleicht keine gute Idee,maybe that was a bad idea,,Player,PoppedBallEnd
line:1bca05,"mach's einfach nicht nochmal, ok?","just don't do it again, ok?",,Original,PoppedBallEnd
line:f6567e,HEY!,HEY!,If you do it again.,Original,PoppedBallEnd
line:3de0b4,"ich hab gesagt, das nicht\nnochmal zu machen!",i said not to do\nthat anymore!,,Original,PoppedBallEnd
line:16e478,mach's nochmal!!,do it again!!,,RefereeKid,PoppedBallEnd
line:1cf085,Julie!,julie!,,Original,PoppedBallEnd
line:58eb8b,"ich find's toll, wenn er platzt!!",i like it when it pops!!,,RefereeKid,PoppedBallEnd
line:1b2f57,aber ich versuch hier zu spielen!,but i'm trying to play the game!,,Original,PoppedBallEnd
line:1e8e7e,HAHAHA!!,HAHAHA!!,If you do it again.,RefereeKid,PoppedBallEnd
line:5ce6cd,so lustig!!,so fun!!,,RefereeKid,PoppedBallEnd
line:13a4d9,ugh,ugh,,Original,PoppedBallEnd
line:117144,ich geb dir die GANZE\nKohle aus meiner Tasche!,i'm gonna give ya ALL the\nmoney in my pocket!,When the volley kid gives you a prize.,Original,GiveVolleyPrize2
line:07918d,"woah, das ist ganz schön viel","woah, that's a lot",,Player,GiveVolleyPrize2
line:49f634,ich will nicht deine\nganze Kohle nehmen,i don't wanna take\nall your money,,Player,GiveVolleyPrize2
line:7ca8d6,ist schon ok!,it's ok!,,Original,GiveVolleyPrize2
line:a714a1,meine Familie ist reich,my family's rich,,Original,GiveVolleyPrize2
line:8a4237,oh,oh,,Player,GiveVolleyPrize2
line:3e0023,na ja,well,,Player,GiveVolleyPrize2
line:384b5a,"ok, na gut",ok i guess,,Player,GiveVolleyPrize2
line:e1940b,ehrlich gesagt,honestly,If the player got more than 30 points on the same game of beackstickball.,Original,GiveVolleyPrize2
line:989dbe,"ich hätte nie gedacht,\ndass 30 möglich ist...",i never even thought\n30 was possible...,,Original,GiveVolleyPrize2
line:43798e,ich will dir noch\netwas geben,i wanna give you\none more thing,Jumps head to the next prize.,Original,GiveVolleyPrize2
line:d80175,total!,totally!,"When the player agrees to doing a different race, you select it from this dialogue.",Original,RaceSelectMenu
line:0aaa4a,welches Rennen willst du machen?,what race you wanna do?,,Original,RaceSelectMenu
line:0c77af,das Leuchtturm-Rennen,the lighthouse race,Dialogue choice.,Player,RaceSelectMenu
line:49eef5,das Rennen zum verlassenen Gebäude,the abandoned building race,Dialogue choice.,Player,RaceSelectMenu
line:16f4bc,das Gipfel-Rennen,the mountaintop race,Dialogue choice.,Player,RaceSelectMenu
line:dbcf58,ist schon gut,nevermind,Dialogue choice.,Player,RaceSelectMenu
line:d7ff0b,lass uns rennen!,let's race!,Dialogue choice.,Player,BeforeRaceMenu
line:90fa0a,noch nicht,not yet,Dialogue choice.,Player,BeforeRaceMenu
line:24e047,lass uns eine Revanche machen!,let's do a rematch!,Dialogue choice.,Player,BeforeRaceMenu
line:e3bea3,ja!,yes!,When you choose the Lighthouse race.,Original,LighthouseRaceRetry
line:83f068,lass uns rübergehen,let's head over there,,Original,LighthouseRaceRetry
line:a892f3,okidoki!,okey dokey!,When you choose the Mountain Top race.,Original,MountainTopRaceRetry
line:f2a32f,lass uns zur\nStartlinie gehen!,let's go to the\nstarting line!,,Original,MountainTopRaceRetry
line:11d911,halloooo,helloooo,If you talk to Avery while she's swimming.,Original,AfterRaceIntro
line:c042b5,trete hier nur so Wasser,just treading water here,,Original,AfterRaceIntro
line:8aaa6d,"es fühlt sich gut an, kurz reinzuspringen!",it feels nice to take a dip!,,Original,AfterRaceIntro
line:a35292,hey!,hey!,When you talk to Avery.,Original,AfterRaceIntro
line:2120f5,was geht?,what's up?,,Original,AfterRaceIntro
line:b5c178,hallo nochmal!,hello again!,,Original,MountainTopRaceIntro
line:75273a,ÄH,UH,,Original,MountainTopRaceIntro
line:771653,ich hab da so 'ne verrückte Idee!,i've got a bit of a crazy idea!,,Original,MountainTopRaceIntro
line:80b852,aber es ist so...,but it's like...,,Original,MountainTopRaceIntro
line:f5e753,eine gute verrückte Idee,a good crazy idea,,Original,MountainTopRaceIntro
line:e5f127,hörst du mir kurz zu?,will ya hear me out?,,Original,MountainTopRaceIntro
line:03f7fe,klar!,sure!,,Player,MountainTopRaceIntro
line:6bbdb1,ok also,ok so,,Original,MountainTopRaceIntro
line:3680ac,"was, wenn...",what if...,,Original,MountainTopRaceIntro
line:57c371,wir um die Wette rennen...,we raced...,,Original,MountainTopRaceIntro
line:7ec37a,GANZ BIS ZUM GIPFEL!?,ALL THE WAY TO THE SUMMIT!?,,Original,MountainTopRaceIntro
line:919738,woah,woah,,Player,MountainTopRaceIntro
line:06b00f,das ist eine verrückte Idee,that is a crazy idea,,Player,MountainTopRaceIntro
line:6f81db,aber eine GUTE!,but a GOOD one!,,Original,MountainTopRaceIntro
line:7deab5,die Regeln sind einfach,the rules are simple,,Original,MountainTopRaceIntro
line:d739b0,"wer zuerst oben ist, GEWINNT!",first one to the top WINS!,,Original,MountainTopRaceIntro
line:43c890,"ich hab nur <color=red>9 Federn,</color> also","i only have <color=red>9 feathers,</color> so",,Original,MountainTopRaceIntro
line:ebac34,"benutz nicht mehr als das, ok?","don't use more than that, k?",,Original,MountainTopRaceIntro
line:316905,OH,OH,,Original,MountainTopRaceIntro
line:ccf582,und noch eine Sache,and one more thing,,Original,MountainTopRaceIntro
line:05fbc8,nimm das hier!,take this!,,Original,MountainTopRaceIntro
line:7d1c33,"es ist ein langes Rennen, also",it's a long race so,,Original,MountainTopRaceIntro
line:43304b,"du kannst mich anrufen, wenn du neu starten willst",you can call me if you want to restart,,Original,MountainTopRaceIntro
line:8d9473,alles klar?,all good?,,Original,MountainTopRaceIntro
line:380685,du willst also bis GANZ NACH OBEN rennen?!,so you wanna race to THE TOP?!,,Original,MountainTopRaceIntro
line:2fe636,hallo nochmal!,hello again!,,Original,MountainTopRaceIntro
line:8d80dc,willst du eine Revanche bis nach oben?,you wanna rematch to the top?,,Original,MountainTopRaceIntro
line:5efe99,hallo nochmal!,hello again!,,Original,LighthouseRaceIntro
line:575305,"ich hab noch eine Strecke,\ndie ich rennen will!",i've got another route\ni want to race!,,Original,LighthouseRaceIntro
line:6acfc5,klar!,sure!,,Player,LighthouseRaceIntro
line:e6d1ec,ich bin interessiert,i'm interested,,Player,LighthouseRaceIntro
line:ff97ca,ok also,ok so,,Original,LighthouseRaceIntro
line:9aad90,hier sind die Regeln,here's the rules,,Original,LighthouseRaceIntro
line:172a64,"wer zuerst die Leuchtturmtür\nberührt, GEWINNT!",first one to touch the\nlighthouse door WINS!,,Original,LighthouseRaceIntro
line:2bd292,AUSSERDEM,ALSO,,Original,LighthouseRaceIntro
line:237683,lass uns nur <color=red>3 goldene\nFedern</color> während des Rennens benutzen!,let's only use <color=red>3 golden\nfeathers</color> during the race!,,Original,LighthouseRaceIntro
line:cc633a,"...weil das alles ist, was\nich gerade dabei hab",...cuz that's all i\nhave on me right now,,Original,LighthouseRaceIntro
line:574922,klingt gut?,sound good?,,Original,LighthouseRaceIntro
line:14c2f7,wie wär's mit dem Leuchtturm-Rennen?,so how about that lighthouse race?,,Original,LighthouseRaceIntro
line:268687,heyo!,heyo!,,Original,LighthouseRaceIntro
line:45f6f6,willst du eine Revanche zum Leuchtturm?,you wanna rematch to the lighthouse?,,Original,LighthouseRaceIntro
line:ab370b,"oh, eigentlich",oh actually,,Original,BeginRace
line:a54eab,du solltest vielleicht ein Paar\n<color=red>Laufschuhe</color> finden,you might want to find\na pair of <color=red>running shoes</color>,,Original,BeginRace
line:803b99,die sind ziemlich wichtig für\ngute Lauftechnik!,they're pretty crucial to\ngood running technique!,,Original,BeginRace
line:123690,ich renn trotzdem!,i'll race anyway!,Dialogue choice.,Player,BeginRace
line:93490f,"warte, ist schon gut","wait, nevermind",Dialogue choice.,Player,BeginRace
line:dd0e94,"haha, ok",haha ok,,Original,BeginRace
line:146e8c,auf geht's!,lets do this!,,Original,BeginRace
line:2aa83d,GENIAL,AWESOME,,Original,BeginRace
line:1b697e,auf geht's!,let's do this!,,Original,BeginRace
line:ce1080,ok,ok,,Original,RefuseRace
line:d49680,dann bis später?,see you later then?,,Original,RefuseRace
line:594168,tschüss!,bye!,Dialogue choice.,Player,AfterRaceMenu
line:d65d10,willst du eine Revanche?,want to do a rematch?,Dialogue choice.,Player,AfterRaceMenu
line:1b252c,warum nicht beim Marathon mitmachen?,why not join the marathon?,Dialogue choice.,Player,AfterRaceMenu
line:38a545,lass uns ein anderes Rennen machen!,let's do a different race!,Dialogue choice.,Player,AfterRaceMenu
line:31f6ee,ich bin dabei!!,i'm down!!,,Original,RestartRace
line:e981e0,lass uns das nochmal versuchen!,let's try it again!,,Original,RestartRace
line:48b1cc,total!!,totally!!,,Original,RestartRace
line:c6011c,ich mach's diesmal besser!,i'll do better this time!,,Original,RestartRace
line:58704a,man sieht sich!,see ya!,If you decline to race.,Original,NothingRace
line:a4f965,ich hab {{BallHits}} Treffer gezählt!!,i counted {{BallHits}} hits!!,,RefereeKid,RegularVolleyLost
line:146aab,ich hab {{BallHits}} Treffer gezählt!!,i counted {{BallHits}} hits!!,,RefereeKid,RegularVolleyLost
line:cbb0e6,JA!,YES!,When you hit 10 points in beackstickball.,Original,RegularVolleyLost
line:70f185,wir haben's geschafft!,we did it!,,Original,RegularVolleyLost
line:7f2baf,wie versprochen hab ich\neinen Preis für dich!,"as promised, i've got\na prize for you!",When you hit 30 points.,Original,RegularVolleyLost
line:f6e9a8,"HEILIGER STROHSACK, WIR HABEN 30!!",HOLY MOLY WE HIT 30!!,,Original,RegularVolleyLost
line:ef85aa,WIR HABEN 20!!,WE HIT 20!!,When you hit 20 points.,Original,RegularVolleyLost
line:43af48,DAS IST MEIN NEUER REKORD!!,THAT'S MY NEW RECORD!!,,Original,RegularVolleyLost
line:5a7432,äh äh,uh uh,,Original,RegularVolleyLost
line:0ad676,ich muss mir was als Belohnung einfallen lassen!!,i gotta come up with a reward!!,,Original,RegularVolleyLost
line:ec7f6d,aber ich hab {{BallHitsMore}} gezählt!,but i counted {{BallHitsMore}}!,"This happens the second time you lose at beachstickball, and no other events happen.",Original,NoVolleyPrize
line:d6e93d,der Aufschlag zählt nicht!!,the serve doesn't count!!,,RefereeKid,NoVolleyPrize
line:0ae27d,was?,what?,,Original,NoVolleyPrize
line:86fe8b,der zählt total!,it totally counts!,,Original,NoVolleyPrize
line:5ac4bd,"was denkst du, Claire?","what do you think, claire?",,Original,NoVolleyPrize
line:d7cd87,der zählt!,it counts!,Dialogue choice.,Player,NoVolleyPrize
line:c2f4b1,der zählt nicht wirklich...,it doesn't really count...,Dialogue choice.,Player,NoVolleyPrize
line:7b5de3,siehst du!,yeah see!,If you agree it counts.,Original,NoVolleyPrize
line:a4bd76,na gut!!,fine!!,,RefereeKid,NoVolleyPrize
line:52d7a2,dann hast du {{BallHits}} Punkte,you got {{BallHits}} points then,,RefereeKid,NoVolleyPrize
line:79124f,ach komm schon,aw come on,If you think the serve doesn't count.,Original,NoVolleyPrize
line:34565b,sorry..,sorry..,,Player,NoVolleyPrize
line:3be986,da bin ich bei Julie,i'm with julie on this one,,Player,NoVolleyPrize
line:9cbf45,ja!!,yeah!!,,RefereeKid,NoVolleyPrize
line:123b6b,"na gut, na gut",fine fine,,Original,NoVolleyPrize
line:a65662,das ist ein neuer Rekord!!,that's a new record!!,When you make a new high score!,Original,NoVolleyPrize
line:c45080,wir sind echt ein tolles Team!,we make a pretty great team!,,Original,NoVolleyPrize
line:fc0537,du machst das super!,you're doing great!,,Original,NoVolleyPrize
line:f32d4c,na ja,well,,Player,NoVolleyPrize
line:f17f95,du bist viel besser,you're a lot better,,Player,NoVolleyPrize
line:e2e15a,du lässt den Ball nie fallen!,you never drop the ball!,,Player,NoVolleyPrize
line:0e9756,stimmt schooon,trueee,,Original,NoVolleyPrize
line:4ec1da,stark!,solid!,,Original,NoVolleyPrize
line:ce163d,"oh, fast geschafft!","oh, almost there!",,Original,NoVolleyPrize
line:a0fd91,"oh, fast wieder bei 10!","oh, almost 10 again!",,Original,NoVolleyPrize
line:96cc5f,nicht schlecht!,not bad!,,Original,NoVolleyPrize
line:d99dc5,das ist ein guter Start!,that's a good start!,,Original,NoVolleyPrize
line:0f4a14,"warte, was?",wait what?,When you get past 30 points on the first try of the game.,Original,GiveVolleyPrize3
line:930ae0,"ich hab gesagt, du hast {{BallHits}} Punkte!",i said you got {{BallHits}} points!,,RefereeKid,GiveVolleyPrize3
line:9c5f67,WIR HABEN ÜBER 30 PUNKTE GESCHAFFT!?,WE GOT PAST 30 POINTS!?,,Original,GiveVolleyPrize3
line:ed88e9,"ich wusste nicht mal,\ndass das möglich ist!",i didn't even know\nthat was possible!,,Original,GiveVolleyPrize3
line:d0bf44,hmm,hmm,,Original,GiveVolleyPrize3
line:d0340b,das verdient den allerspeziellsten Preis,that deserves the most specialest prize,,Original,GiveVolleyPrize3
line:109308,aber ich hab dir schon meine ganze Kohle gegeben...,but i already gave you all my money...,,Original,GiveVolleyPrize3
line:e19113,ist schon ok!,it's ok!,,Player,GiveVolleyPrize3
line:fdad43,ich brauch nichts,i don't need anything,,Player,GiveVolleyPrize3
line:4e5eeb,"doch, brauchst du!!",yes you do!!,,Original,GiveVolleyPrize3
line:4f5e84,vielleicht solltest du das hier haben,maybe you should have this,,Original,GiveVolleyPrize3
line:c0606f,"es fühlt sich super an,\nwieder 100% legal zu sein!",it feels great to\nbe 100% legal again!,If you've given the camper cat back their camping permit.,Original,CampCatStart
line:60d7be,"du wirst nicht glauben, was ich gefunden hab!",you won't believe what i found!,If you've found their camper permit.,Player,CampCatStart
line:6f023c,DU HAST MEINE GENEHMIGUNG GEFUNDEN!?,YOU FOUND MY PERMIT!?,,Original,CampCatStart
line:6e23fc,"ICH DACHTE, SIE WÄRE\nFÜR IMMER WEG!",I THOUGHT IT WAS\nGONE FOREVER!,,Original,CampCatStart
line:a3f456,du hast nicht gescherzt!,you weren't kidding!,,Player,CampCatStart
line:73297a,ein Fisch hatte sie wirklich,a fish really did have it,,Player,CampCatStart
line:df5dfa,"vielen, vielen Dank!",thank you so much!,,Original,CampCatStart
line:70a309,du solltest den Rest\nmeines Köders haben,you should have the\nrest of my bait,,Original,CampCatStart
line:d88125,ich hab langsam\nkeine Lust mehr aufs Angeln,i'm feeling a little\ndone with fishing,,Original,CampCatStart
line:2ef1a1,nochmal danke!,thanks again!,,Original,CampCatStart
line:5eb61a,du bist eine LEBENSRETTERIN!,you're a LIFESAVER!,,Original,CampCatStart
line:d8d54d,hey,hey,When you talk to the camper cat for the first time.,Player,CampCatStart
line:329927,AAHHH!,AAHHH!,,Original,CampCatStart
line:f38073,"JA, DIESER AUFBAU\nIST 100% LEGAL!!!",YES THIS SETUP\nIS 100% LEGAL!!!,,Original,CampCatStart
line:5081fb,äh-,uh-,,Player,CampCatStart
line:68f49c,"JA, ICH HAB EINE GÜLTIGE\nCAMPING-GENEHMIGUNG!!!",YES I HAVE A VALID\nCAMPING PERMIT!!!,,Original,CampCatStart
line:27f51b,warte-,wait-,,Player,CampCatStart
line:dde816,"NA GUT, NA GUT! DU HAST MICH ERWISCHT",FINE FINE! YOU GOT ME,,Original,CampCatStart
line:882762,moment-,hold on-,,Player,CampCatStart
line:3ccc3f,ICH HAB SIE VERLOREN,I LOST IT,,Original,CampCatStart
line:e600fa,ICH BIN EIN SCHRECKLICHER LÜGNER,I'M A TERRIBLE LIAR,,Original,CampCatStart
line:c3f85e,ICH BIN EIN WRACK,I'M A MESS,,Original,CampCatStart
line:fe2fc1,ähhhhhhhhhh-,uhhhhhhhhhh-,,Player,CampCatStart
line:b3aa9d,BITTE ZEIG MICH NICHT AN,PLEASE DON'T WRITE ME UP,,Original,CampCatStart
line:e85302,ICH KANN DICH BESTECHEN,I CAN BRIBE YOU,,Original,CampCatStart
line:085e0e,...,...,,Player,CampCatStart
line:654eb8,hast du mir gerade wirklich\neine Handvoll Würmer gegeben?,did you really just hand\nme a fistful of worms?,,Player,CampCatStart
line:a8530b,DAS IST ANGELKÖDER!!,IT'S FISHING BAIT!!,,Original,CampCatStart
line:64224f,ICH BIN VERZWEIFELT!!,I'M DESPERATE!!,,Original,CampCatStart
line:2b567d,WAS WÜRDEST DU TUN?!,WHAT WOULD YOU DO?!,,Original,CampCatStart
line:bb2e31,"na ja, äh","well, uh",,Player,CampCatStart
line:148e27,ist doch egal,it doesn't matter,,Player,CampCatStart
line:57f777,ich werd's niemandem erzählen!,i'm not gonna tell anyone!,,Player,CampCatStart
line:74f1fc,"warte, wirklich?","wait, really?",,Original,CampCatStart
line:3ba4c7,bist du nicht Junior-Rangerin?,aren't you a junior ranger?,,Original,CampCatStart
line:92558e,nö,nope,,Player,CampCatStart
line:827d58,meine Tante ist Rangerin,my aunt's a ranger,,Player,CampCatStart
line:74bd5d,aber ich arbeite nicht für sie,but i don't work for her,,Player,CampCatStart
line:6aa300,na gut,oh well,,Original,CampCatStart
line:db985f,"du erzählst es nicht weiter, oder?",you won't tell right?,,Original,CampCatStart
line:eeb843,nö,nah,,Player,CampCatStart
line:305a88,gut!,good!,,Original,CampCatStart
line:be4b3a,ich schätze,i guess,,Original,CampCatStart
line:aaac24,du kannst den Köder behalten,you can keep the bait,,Original,CampCatStart
line:b093fa,...danke,...thanks,,Player,CampCatStart
line:ba3592,wo hast du die Genehmigung verloren?,where'd you lose the permit?,If you talk to the camper cat again.,Player,CampCatStart
line:69c63f,na ja...,well...,,Original,CampCatStart
line:fa0875,du glaubst mir das vielleicht nicht,you might not believe me,,Original,CampCatStart
line:803d48,versuch's,try me,,Player,CampCatStart
line:673f6f,ein Fisch hat sie gefressen,a fish ate it,,Original,CampCatStart
line:e89ded,was?,what?,,Player,CampCatStart
line:03a8fc,komm schon,come on,,Player,CampCatStart
line:7585e0,wirklich!,really!,,Original,CampCatStart
line:1192ab,das klingt schon ein bisschen...,it does sound a little...,,Player,CampCatStart
line:695d8a,fischig!,fishy!,,Player,CampCatStart
line:fc6810,heh,heh,,Player,CampCatStart
line:62a7fc,...,...,,Original,CampCatStart
line:bb579f,das ist ernst!,this is serious!,,Original,CampCatStart
line:85d0f9,so,so,When you talk to the volleyball kid after playing the game.,Original,VolleyKidChat
line:9b9647,liebst du's?,do you love it?,,Original,VolleyKidChat
line:0ddac1,strandstockball?,beachstickball?,,Player,VolleyKidChat
line:370aee,ja!!,yeah!!,,Original,VolleyKidChat
line:0c80b9,ich mag's!,i like it!,Dialogue choice.,Player,VolleyKidChat
line:ad2aa7,weiß nich,i dunno,Dialogue choice.,Player,VolleyKidChat
line:73c36f,"danke, dass du mir das spiel gezeigt hast!",thanks for showing me the game!,If you agree.,Player,VolleyKidChat
line:4a27f2,danke fürs mitspielen!,thanks for playing!,,Original,VolleyKidChat
line:80ddd6,"du bist die beste, Claire!","you're the best, claire!",,Original,VolleyKidChat
line:bda72b,"ich glaub, ich mag volleyball trotzdem lieber",i think i still prefer volleyball,,Original,VolleyKidChat
line:b7dbab,WAS,WHAT,If you disagree.,Original,VolleyKidChat
line:be2c6d,aber strandstockball ist wie\nvolleyball mit superkräften!,but beachstickball is like\nvolleyball with super powers!,,Original,VolleyKidChat
line:e67743,"die superkraft, DINGE MIT EINEM\nSTOCK ZU VERHAUEN!!",the super power of WHACKING\nTHINGS WITH A STICK!!,,Original,VolleyKidChat
line:b337bd,unser bester punktestand bisher ist {{BallHitsBest}}!,our best score so far is {{BallHitsBest}}!,If you talk to them again.,Original,VolleyKidChat
line:734516,das ist ziemlich gut!,that's pretty good!,,Player,VolleyKidChat
line:ac8f02,ja!,yeah!,,Original,VolleyKidChat
line:4e13fc,wir sind ein gutes team!,we make a good team!,,Original,VolleyKidChat
line:b5a671,"ich glaub, wir schreiben hier geschichte",i think this is history in the making,,Original,VolleyKidChat
line:05ad24,würd ich auch sagen,i'd say so,,Player,VolleyKidChat
line:53839d,woah,woah,When you accept the kid's hat as a prize.,Player,GiveVolleyPrize3
line:0316a3,bitte behalt's!,please keep it!,,Original,GiveVolleyPrize3
line:2e1d70,damit du dich für immer\nan diesen Moment erinnerst!!,so you can remember\nthis moment forever!!,,Original,GiveVolleyPrize3
line:9e97cf,ich werd's versuchen,i'll try,,Player,GiveVolleyPrize3
line:6b4643,ähh,uhh,When you call Avery in the middle of a race.,Original,WalkieMidRace
line:2815c3,ich renn hier und red gleichzeitig,i'm running and talking here,,Original,WalkieMidRace
line:fce2e0,"aber, was gibt's?","but, what's up?",,Original,WalkieMidRace
line:42b890,hey!,hey!,When you call Avery and they've completed the race already.,Original,WalkieMidRace
line:b78535,ich warte auf dich,i'm waiting for you,,Original,WalkieMidRace
line:9f0846,was gibt's?,what's up?,,Original,WalkieMidRace
line:4664cb,lass uns von vorne anfangen!,let's start over!,Dialogue choice.,Player,WalkieMidRace
line:0b9471,ich geb auf,i give up,Dialogue choice.,Player,WalkieMidRace
line:3f3cb7,nicht viel,nothing much,Dialogue choice.,Player,WalkieMidRace
line:2fad91,"oh, äh","oh, uh",If you start over.,Player,WalkieMidRace
line:c725b9,"klar, wir können von vorne anfangen","sure, we can start over",,Player,WalkieMidRace
line:eeec64,"ach, naja","aww, well",If you give up.,Player,WalkieMidRace
line:cf0cb8,"ok, denk ich",ok i guess,,Player,WalkieMidRace
line:cdbd9e,keine zeit zum quatschen,there's no time to chit chat,"If you say ""nothing much""",Player,WalkieMidRace
line:b7ad54,ein rennen läuft gerade!,a race is underway!,,Player,WalkieMidRace
line:23d9ce,oh ok,oh ok,"If you say ""nothing much"" while no race is happening.",Player,WalkieMidRace
line:112092,bis bald?,see you soon?,,Player,WalkieMidRace
line:36e8b5,"hey, wo bist du?","hey, where are you?",If you call Avery while no race is happening.,Original,WalkieNotRacing
line:666c07,äh...,uh...,,Original,WalkieNotRacing
line:3957bb,wandere gerade irgendwo rum...,just wandering around somewhere...,,Original,WalkieNotRacing
line:ac1f13,ich bin noch am leuchtturm!,i'm still at the lighthouse!,,Original,WalkieNotRacing
line:422cc9,ich bin noch bei dem alten gebäude!,i'm still at that old building!,,Original,WalkieNotRacing
line:c210da,ich bin noch oben auf dem berg!,i'm still at the top of the mountain!,,Original,WalkieNotRacing
line:80c82b,ähm...,um...,,Original,WalkieNotRacing
line:35662f,ich weiß nicht!,i don't know!,,Original,WalkieNotRacing
line:9063e5,ich chill grad am königsgrat!,i'm hanging out at the royal ridge!,,Original,WalkieNotRacing
line:c8f6dd,ich bin beim friedhof!,i'm around the graveyard!,,Original,WalkieNotRacing
line:c37eaf,ich bin nahe beim besucherzentrum!,i'm near the visitor center!,,Original,WalkieNotRacing
line:b3b718,ähh...,uhh...,,Original,WalkieNotRacing
line:f6baec,ich weiß nicht!,i don't know!,,Original,WalkieNotRacing
line:0f245f,hallo?,hello?,If noone picks up.,Original,WalkieNobody
line:b840fb,ist da jemand?,is anyone there?,,Original,WalkieNobody
line:57b389,...,...,,Original,WalkieNobody
line:fcfe77,"hey, ich bin genau hier!","hey, i'm right here!",If you call Avery when she's right next to you.,RaceOpponent,WalkieOnScreen
line:a2947e,hey,hey,When you talk to the Walrus that teaches you how to fish.,Player,FishingTutorialStart
line:0ef52a,hallo nochmal,hello again,,Original,FishingTutorialStart
line:0f9dd9,kannst du mir das angeln beibringen?,can you teach me how to fish?,Dialogue choice.,Player,FishingTutorialStart
line:6a7217,"äh, muss los",uh gotta go,Dialogue choice.,Player,FishingTutorialStart
line:bc3e3a,klar,sure,,Original,FishingTutorialStart
line:ab1fac,na gut,alrighty,,Original,FishingTutorialStart
line:3a790b,dann mach mal,you get going then,,Original,FishingTutorialStart
line:b212b9,wie läuft's?,how's it going?,When you talk to the Walrus for the first time.,Player,FishingTutorialStart
line:789ef4,gut,good,,Original,FishingTutorialStart
line:8e7edc,die fische beißen heute gut,the fish are biting today,,Original,FishingTutorialStart
line:1f5189,cool cool,cool cool,,Player,FishingTutorialStart
line:c44b59,also,so,,Player,FishingTutorialStart
line:a4385e,äh,uh,,Player,FishingTutorialStart
line:ded164,ist angeln schwer?,is fishing hard?,,Player,FishingTutorialStart
line:9666a7,nö,nope,,Original,FishingTutorialStart
line:91cca3,es ist einfach,it's easy,,Original,FishingTutorialStart
line:f48c91,"ich könnt's dir zeigen,\nwenn du willst","i could show you,\nif you'd like",,Original,FishingTutorialStart
line:1c9ae7,ja!,yeah!,Dialogue choice.,Player,FishingTutorialStart
line:9caa9b,jetzt nicht...,not now...,Dialogue choice.,Player,FishingTutorialStart
line:f4c5b4,...ich muss irgendwo hin,...i've got somewhere to be,,Player,FishingTutorialStart
line:f278bb,vielleicht später!,maybe later!,,Player,FishingTutorialStart
line:291979,die leine auszuwerfen ist echt einfach,casting yer line is pretty easy,If you ask to learn how to fish.,Original,FishTutCastStart
line:6604e8,drück einfach <color=red>{{UseItemButton}}</color>,just press <color=red>{{UseItemButton}}</color>,,Original,FishTutCastStart
line:7c1ab4,also,so,,Player,FishTutChatStart
line:0d5261,äh,uh,,Player,FishTutChatStart
line:27214f,was mach ich jetzt?,what do i do now?,,Player,FishTutChatStart
line:d61168,du wartest,ya wait,,Original,FishTutChatStart
line:82e61b,oh,oh,,Player,FishTutChatStart
line:57dd59,ok,ok,,Player,FishTutChatStart
line:4881ca,ähh,uhh,,Player,FishTutChatStart
line:208931,mach ich das richtig?,am i doing this right?,,Player,FishTutChatStart
line:0ee4bd,jep,yup,,Original,FishTutChatStart
line:9738da,vielleicht,maybe,,Player,FishTutChatStart
line:d20e40,sollte ich nochmal auswerfen?,i should cast it again?,,Player,FishTutChatStart
line:2b2920,weißt du,you know,,Player,FishTutChatStart
line:a8b829,nen besseren platz suchen?,find a better spot?,,Player,FishTutChatStart
line:143bf5,der platz hier ist gut,this spot is good,,Original,FishTutChatStart
line:a6ae7b,ich hab hier vorhin\nein paar fische gesehen,i saw some fish\naround here earlier,,Original,FishTutChatStart
line:7aaa7b,das ist ein gutes zeichen,that's a good sign,,Original,FishTutChatStart
line:bb4c5a,manchmal,sometimes,,Original,FishTutChatStart
line:fedeb0,du musst einfach warten,you just gotta wait,,Original,FishTutChatStart
line:fa0c59,geduld ist alles,patience is key,,Original,FishTutChatStart
line:c98dd5,hmm,hmm,,Player,FishTutChatStart
line:3391fe,nicht meine stärke,not my strong suit,,Player,FishTutChatStart
line:6176a1,aufgepasst!,look alive!,,Original,FishTutNibbleStart
line:711ad5,ein fisch knabbert,a fish is nibbling,,Original,FishTutNibbleStart
line:ec2b87,soll ich ihn rausziehen?,should i pull it out?,,Player,FishTutNibbleStart
line:ea2579,noch nicht...,not yet...,,Original,FishTutNibbleStart
line:2d1808,"du musst warten,\nbis er anbeißt",ya gotta wait\nfor it to bite,,Original,FishTutNibbleStart
line:21ea75,jetzt!,now!,,Original,FishTutBiteStart
line:022e5a,"drück <color=red>{{UseItemButton}}</color>, um ihn rauszuziehen!",press <color=red>{{UseItemButton}}</color> to yank it out!,,Original,FishTutBiteStart
line:f28977,ÄHHH,UHHH,,Player,FishTutPullStart
line:1b9660,WAS MACH ICH JETZT!?,WHAT DO I DO NOW!?,,Player,FishTutPullStart
line:62edd4,"<color=red>zieh ihn mit <sprite name=""LStick"" tint=1> zu dir</color>\nUND <color=red>tippe {{UseItemButton}}</color>, um ihn einzuholen!",<color=red>pull back</color> AND <color=red>tap {{UseItemButton}}</color> to reel it in!,,Original,FishTutPullStart
line:0a85bc,guter fang,see?,,Original,FishTutDoneStart
line:797b04,kinderleicht,easy as pie,,Original,FishTutDoneStart
line:a8f041,"weiß nicht, ob ich das sagen würde",i dunno if i'd say that,,Player,FishTutDoneStart
line:938324,ich bin schlecht im backen,i suck at baking,,Player,FishTutDoneStart
line:5d1fb5,ich mein halt,i guess i mean,,Original,FishTutDoneStart
line:951cea,so einfach wie...,as easy as...,,Original,FishTutDoneStart
line:d50e44,...kuchen essen?,...eating pie?,,Original,FishTutDoneStart
line:b792ef,da kann ich mitgehen,i can get behind that,,Player,FishTutDoneStart
line:5a3560,"sorry, dass ich ins wasser gefallen bin",sorry i fell in the water,If you fell in the water during the fishing tutorial.,Player,FisherTalk
line:301d2a,es ist ziemlich peinlich...,it's pretty embarrassing...,,Player,FisherTalk
line:6df5aa,überhaupt nicht,not at all,,Original,FisherTalk
line:106ccc,"du hast biss, kleine","you've got spirit, kid",,Original,FisherTalk
line:2d127f,"also, was mach ich mit den fischen?",so what do i do with the fish?,,Player,FisherTalk
line:d22a1d,"was du willst, kleine","whatever you want, kid",,Original,FisherTalk
line:b3a844,nun,well,,Player,FisherTalk
line:edae7d,"danke, dass du mir angeln beigebracht hast",thanks for showing me how to fish,If you talk to them again.,Player,FisherTalk
line:7d90ad,kein problem,no problem,If you fell in the water they'll say this.,Original,FisherTalk
line:4dde16,du kriegst irgendwann\nden dreh raus,you'll get the hang\nof it eventually,,Original,FisherTalk
line:a1f06c,du bist ein naturtalent,yer a natural,"If you didn't, they'll say this.",Original,FisherTalk
line:e15e41,ich fühl mich nicht so!,i don't feel like one!,,Player,FisherTalk
line:f5e703,moin!,howdy!,,Original,FishBuyerStart
line:f86c61,haste fische dabei?,got any fish?,,Original,FishBuyerStart
line:5f8ba4,gerade nicht!,not right now!,,Player,FishBuyerStart
line:3272ea,moin,howdy,,Original,FishBuyerStart
line:1aa413,hi!,hi!,,Player,FishBuyerStart
line:9c378b,was machste da?,whatcha doing?,,Player,FishBuyerStart
line:3af5c8,mach grad pause!,takin' a break!,,Original,FishBuyerStart
line:ebebee,heh,heh,,Original,FishBuyerStart
line:55ce13,"sag's niemandem, ok?","don't tell anyone, alright?",,Original,FishBuyerStart
line:35f2e4,mach ich nicht,i won't,,Player,FishBuyerStart
line:465370,"ich weiß nicht mal,\nwem ich's erzählen sollte!",i don't even know\nwho i'd tell!,,Player,FishBuyerStart
line:2dffb9,"heh, gut","heh, good",,Original,FishBuyerStart
line:f34e5d,"ich kann's kaum erwarten,\nheute fertig zu sein",i can't wait to\nbe done today,,Original,FishBuyerStart
line:344b05,wenn meine schicht vorbei ist,when my shift's over,,Original,FishBuyerStart
line:c78884,dann geh ich raus und\nfang mir seltene fische!,i'll be out catchin'\nme some rare fish!,,Original,FishBuyerStart
line:b1ae1b,"isses mein hobby, weißte","it's my hobby, ya see",,Original,FishBuyerStart
line:ffc7e7,falls du selbst mal\nfische fängst...,if you happen to net\nsome fish yourself...,,Original,FishBuyerStart
line:80b8d1,...bring sie mir und\nich geb dir münzen dafür!,...bring them to me and\ni'll trade ya coin!,,Original,FishBuyerStart
line:498ec5,ich hab schon ein paar fische gefangen!,i caught some fish already!,If you already have some fish.,Player,FishBuyerStart
line:e58d91,oh?,oh?,,Original,FishBuyerStart
line:e63e16,darf ich mal schauen?,can i take a look at 'em?,,Original,FishBuyerStart
line:474bc1,"würd ich, wenn ich\neine angelrute hätte!",i would if i had\na fishing rod!,If you don't have the fishing rod.,Original,FishBuyerStart
line:9fd6f9,weißte,ya know,,Original,FishBuyerStart
line:9970ab,mein kumpel bill könnte\ndir vielleicht eine leihen,my friend bill might be\nable to lend you one,,Original,FishBuyerStart
line:c59c53,der ist ständig angeln,he's out fishing all the time,,Original,FishBuyerStart
line:5109d5,klingt gut für mich!,sounds good to me!,,Original,FishBuyerStart
line:440856,schau dir das an...,take a look at this...,Dialogue choice.,Player,FishBuyerMenu
line:1a0169,gerade nicht,not right now,Dialogue choice.,Player,FishBuyerMenu
line:367d35,na gut,alrighty,,Original,FishBuyerMenu
line:3f698b,ist das alles?,is that all?,,Original,BuyFishEnd
line:a459c7,schau dir das an...,take a look at this...,Dialogue choice.,Player,BuyFishEnd
line:b45043,das ist alles!,that's all!,Dialogue choice.,Player,BuyFishEnd
line:50990b,"war mir ein vergnügen,\nmit dir zu handeln",pleasure doin'\nbusiness with ya,,Original,BuyFishEnd
line:3a381e,das war's erstmal!,that's all for now!,,Original,BuyFishEnd
line:6d06d0,sorry kumpel,sorry pal,,Original,BuyFishAgain
line:12195a,den fisch hab ich schon,i've already got that fish,,Original,BuyFishAgain
line:19ef60,aber...,but...,,Original,BuyFishAgain
line:767d57,"ich kann dir <color=red>köder</color> für fische geben,\ndie du mir schon gebracht hast!",i can trade you <color=red>bait</color> for fish\nyou've already given me!,,Original,BuyFishAgain
line:78df10,"klar, du kannst auch ohne\nköder fische fangen","sure, you can catch\nfish without bait",,Original,BuyFishAgain
line:c0e82a,aber <color=red>mit köder geht's viel schneller</color>!,but <color=red>it's a lot faster</color> with it!,,Original,BuyFishAgain
line:5a2721,dafür geb ich dir köder,i'll trade you bait for that,,Original,BuyFishAgain
line:e92255,bis zum nächsten mal!,till next time!,,Original,BuyFishCancel
line:61c4db,du bist echt gut darin!,you're quite good at this!,If you've caught three fish.,Original,BuyFishAction
line:24427b,du solltest mein tagebuch nehmen,you should take my journal,,Original,BuyFishAction
line:e9c9ba,"es hilft dir, den überblick\nüber gefundene fische zu behalten",it'll help ya keep track\nof the fish you've found,,Original,BuyFishAction
line:3ff5f0,also,so,"Transitions to BuyFishEnd ""is that all?""",Original,BuyFishAction
line:1d1e6e,na sowas!,well now!,If you caught all ormal fish.,Original,BuyFishAction
line:f8c779,wenn ich mich nicht irre,if i'm not mistaken,,Original,BuyFishAction
line:0aa198,"sieht so aus, als hättest du mir\nalle fische aus meinem tagebuch gebracht!",it seems like you've gotten me\nall the fish from my journal!,,Original,BuyFishAction
line:01fa28,Claire!,claire!,,Original,BuyFishAction
line:ede695,du hast WIRKLICH\ntalent dafür!,you've REALLY got\na knack for this!,,Original,BuyFishAction
line:fcd7dc,danke!,thanks!,,Player,BuyFishAction
line:044f51,hmm,hmm,,Original,BuyFishAction
line:bc62db,"ich hab was, das dir,\nglaub ich, nützlich sein könnte",i've got something i think\nyou might find useful,,Original,BuyFishAction
line:fb202a,"ich glaub, ich kann dir das anvertrauen",i think i can trust you with this,,Original,BuyFishAction
line:ae9b42,wow!,wow!,,Player,BuyFishAction
line:589568,es ist sehr hübsch,it's very pretty,,Player,BuyFishAction
line:c61af9,seltene fische fühlen sich davon angezogen,rare fish are drawn to it,,Original,BuyFishAction
line:6cd696,damit findest du vielleicht\nein paar interessante fische!,ya might find some\ninteresting fish with it!,,Original,BuyFishAction
line:c99a3d,aber verlier sie nicht,but don't lose it,,Original,BuyFishAction
line:582f35,sie ist mir sehr wertvoll,it's very precious to me,,Original,BuyFishAction
line:20f45e,sie wurde in meiner familie\nüber generationen weitergegeben,it's been passed down for\ngenerations within my family,,Original,BuyFishAction
line:b56eb9,woah,woah,,Player,BuyFishAction
line:166488,außerdem,also,,Original,BuyFishAction
line:91991d,sie ist außerdem aus gold,it's also made of gold,,Original,BuyFishAction
line:92032c,also,so,,Original,BuyFishAction
line:dd66ae,ja,yeah,,Original,BuyFishAction
line:b9163e,verlier sie nicht!,don't lose it!,,Original,BuyFishAction
line:c74434,mach ich nicht!,i won't!,,Player,BuyFishAction
line:b56f2a,"{{FishName}}, was?","the {{FishName}}, eh?",This node is a series of quips that will be said when trading in the fish.,Original,BuyFishQuip
line:97bebb,ich geb dir {{FishPrice}} dafür,i'll give you {{FishPrice}} for it,,Original,BuyFishQuip
line:894a90,na so was!,would you look at that!,,Original,BuyFishQuip
line:07d9c0,{{FishName}}!,the {{FishName}}!,,Original,BuyFishQuip
line:88a69a,ich kann dir {{FishPrice}} dafür geben,i can give you {{FishPrice}} for it,,Original,BuyFishQuip
line:8b666f,guter fang,nice catch,,Original,BuyFishQuip
line:fd1bc1,{{FishName}} zählt zu meinen\npersönlichen favoriten,the {{FishName}} is a\npersonal favourite of mine,,Original,BuyFishQuip
line:e586e5,ich geb dir {{FishPrice}} münzen dafür,i'll trade you {{FishPrice}} coins for it,,Original,BuyFishQuip
line:7b947d,nicht schlecht!,good one!,,Original,BuyFishQuip
line:afa6f1,{{FishName}} ist mir schon länger\nentwischt,the {{FishName}} has\nevaded me for a while,,Original,BuyFishQuip
line:85a662,aber nicht mehr!,but no longer!,,Original,BuyFishQuip
line:33eb67,ich geb dir {{FishPrice}} dafür,i'll give you {{FishPrice}} for it,,Original,BuyFishQuip
line:4b40dd,{{FishName}}...,the {{FishName}}...,,Original,BuyFishQuip
line:0f5fd0,kein fan von dem hier,not a fan of this one,,Original,BuyFishQuip
line:34830c,hat mich mal gebissen!,bit me once!,,Original,BuyFishQuip
line:5182f6,aber ich such immer noch danach!,but i'm still looking for it!,,Original,BuyFishQuip
line:a781ea,ich geb dir {{FishPrice}} münzen,i'll give you {{FishPrice}} coin,,Original,BuyFishQuip
line:b000f2,"ah, {{FishName}}",ah the {{FishName}},,Original,BuyFishQuip
line:94362f,der hier ist beliebt hier am habichtsgipfel,this one is popular here at hawk peak,,Original,BuyFishQuip
line:3f17f4,ich geb dir...,i'll give you...,,Original,BuyFishQuip
line:be6b8e,...{{FishPrice}} münzen dafür,...{{FishPrice}} coins for it,,Original,BuyFishQuip
line:b983f1,{{FishName}},the {{FishName}},,Original,BuyFishQuip
line:53d466,hmm,hmm,,Original,BuyFishQuip
line:09a6c0,"ich glaub, {{FishPrice}} münzen\nsind ein fairer preis",i think {{FishPrice}} coins\nseems like a fair price,,Original,BuyFishQuip
line:af44d3,jetzt warte mal...,now hold on...,This is node is a series of quips that can be said when trading in a rare fish.,Original,BuyRareFishQuip
line:68b8f5,was ist DAS?!,what is THIS?!,,Original,BuyRareFishQuip
line:3932c2,{{FishName}} - so SELTEN?!?,the rare {{FishName}}?!?,,Original,BuyRareFishQuip
line:33b39b,das ist mal ein mächtiger fang!,that's a mighty catch right there!,,Original,BuyRareFishQuip
line:4b6053,ich zahl dir {{FishPrice}} münzen dafür!,i'll pay ya {{FishPrice}} coins for it!,,Original,BuyRareFishQuip
line:92a95e,"...also, was ist das hier?","...now, what is this?",,Original,BuyRareFishQuip
line:57c68d,den hier kenn ich gar nicht,i don't recognize this one,,Original,BuyRareFishQuip
line:628f42,...,...,,Original,BuyRareFishQuip
line:64082f,ist das {{FishName}}?,is that the {{FishName}}?,,Original,BuyRareFishQuip
line:318344,das ist ein seltener fund!,that's a rare find!,,Original,BuyRareFishQuip
line:55326e,"ich geb dir {{FishPrice}}, damit er in\nmeine sammlung kommt!",i'll give you {{FishPrice}} to add\nit to my collection!,,Original,BuyRareFishQuip
line:6a3b6c,das kann doch nicht dein ERNST sein,you've GOT to be kidding me,,Original,BuyRareFishQuip
line:649c04,du hast {{FishName}} gefangen!?,you netted the {{FishName}}!?,,Original,BuyRareFishQuip
line:f4fe1c,verflixt und zugenäht!,gosh dang it!,,Original,BuyRareFishQuip
line:7ba8b6,du hast wirklich\ntalent fürs angeln!,you've really got\na knack for fishing!,,Original,BuyRareFishQuip
line:30fc6c,"na, ich weiß nicht!",i dunno about that!,,Player,BuyRareFishQuip
line:fe0468,naja,welp,,Original,BuyRareFishQuip
line:c9145d,ich muss dir dafür mindestens\n{{FishPrice}} münzen geben!,i gotta give you at\nleast {{FishPrice}} coins for this!,,Original,BuyRareFishQuip
line:dd00eb,WAS ZUM HENKER?!,WHAT THE HECKY?!,,Original,BuyRareFishQuip
line:167408,Claire,claire,,Original,BuyRareFishQuip
line:e73033,du bist eine angel-legende!,you're a fishing legend!,,Original,BuyRareFishQuip
line:95aed6,{{FishName}} ist ein\necht TRICKREICHER fang!,the {{FishName}}\nis one TRICKY catch!,,Original,BuyRareFishQuip
line:0cee57,ich geb dir dafür\n{{FishPrice}} münzen!,i'll be givin' you\n{{FishPrice}} coin for that!,,Original,BuyRareFishQuip
line:11948d,na so was aber auch!,well i'll be!,"This quip is a bit long, and is never repeated.",Original,BuyRareFishQuip
line:80ebac,"{{FishName}}, was?",the {{FishName}} huh?,,Original,BuyRareFishQuip
line:c4e192,wir kennen uns schon ewig,we go way back,,Original,BuyRareFishQuip
line:ea1733,"das letzte mal, dass ich den gesehen hab,\nwar vor fast FÜNF ganzen jahren!",the last time i saw this guy\nwas almost FIVE whole years ago!,,Original,BuyRareFishQuip
line:e2023a,"weißte,","ya see,",,Original,BuyRareFishQuip
line:49307f,ich hatte ihn am haken,i had it on the hook,,Original,BuyRareFishQuip
line:79fe4a,der hat ordentlich gezerrt,it was givin' a real strong tug,,Original,BuyRareFishQuip
line:08d8a6,und ich mein,and i mean,,Original,BuyRareFishQuip
line:fbeb38,dieser fisch hier-,like this fish-,,Original,BuyRareFishQuip
line:43ea55,"hat muskeln, die du\nnicht glauben würdest!",has got muscles like\nyou wouldn't believe!,,Original,BuyRareFishQuip
line:7fa3cf,hat mich fast\nvom boot gezogen!,it nearly pulled me\noff the boat!,,Original,BuyRareFishQuip
line:5894ed,niemals!,no way!,,Player,BuyRareFishQuip
line:1feda5,"doch, echt!",yeah way!,,Original,BuyRareFishQuip
line:5233ac,wie auch immer...,anyway...,,Original,BuyRareFishQuip
line:c96826,ich muss dir für den hier\n{{FishPrice}} münzen geben!,i gotta give you {{FishPrice}}\ncoin for this one!,,Original,BuyRareFishQuip
line:9a2691,{{FishName}}!?,the {{FishName}}!?,The next quip begins here,Original,BuyRareFishQuip
line:e8eb1e,das ist ja ein spektakulärer fund!,now that's a spectacular find!,,Original,BuyRareFishQuip
line:57e063,ich geb dir {{FishPrice}} dafür!,i'll give you {{FishPrice}} for it!,,Original,BuyRareFishQuip
line:231720,WA-WAS!?,WHA-WHAT!?,,Original,BuyRareFishQuip
line:cfe338,ich hab LEGENDEN über\n{{FishName}} am habichtsgipfel gehört,i've heard LEGENDS of the\n{{FishName}} at hawk peak,,Original,BuyRareFishQuip
line:19bd98,aber hier ist er...,but here it is...,,Original,BuyRareFishQuip
line:ba2d62,...direkt vor MEINEN EIGENEN AUGEN!!,...in front of MY VERY OWN EYES!!,,Original,BuyRareFishQuip
line:ca47a0,Claire,claire,,Original,BuyRareFishQuip
line:ece6f1,ich geb dir {{FishPrice}}\nmünzen für diesen fang,i'll be givin' ya {{FishPrice}}\ncoins for this catch,,Original,BuyRareFishQuip
line:b283cd,hier,here,,Original,FishingTutorialBegin
line:34583b,ich leih dir meine ersatzrute,i'll lend ya my spare rod,,Original,FishingTutorialBegin
line:6339c3,Liebe Schildleserin:,Dear Sign Reader:,"This is a sign that is written by Avery, and shows up if the player hasn't seen the destination for this race.",Original,AveryBuildingSignStart
line:41138b,Liest du gerne Schilder?,Do you like reading signs?,,Original,AveryBuildingSignStart
line:f55731,"Nehme ich mal an, denn genau\ndas passiert gerade.","I assume so, since this\nis happening right now.",,Original,AveryBuildingSignStart
line:dc8306,Nun...,Well...,,Original,AveryBuildingSignStart
line:3d605e,"...ich kann dir was zeigen,\ndas VIEL besser ist als lesen!",...I can introduce you to\nsomething WAY better than reading!,,Original,AveryBuildingSignStart
line:22768c,Zwei Worte:,Two words:,,Original,AveryBuildingSignStart
line:1995fc,PARKOUR,PARKOUR,,Original,AveryBuildingSignStart
line:5bca9d,RENNEN,RACE,,Original,AveryBuildingSignStart
line:279e34,PARKOUR-RENNEN!!,PARKOUR RACE!!,,Original,AveryBuildingSignStart
line:b2c7ee,"Ich bin gleich zurück, sobald ich die\nZiellinie beim <color=yellow>verlassenen Gebäude</color> aufgebaut hab.",I'll be back right after I set up the\nfinish line at the <color=yellow>abandoned building.</color>,,Original,AveryBuildingSignStart
line:867ec1,-Avery,-Avery,,Original,AveryBuildingSignStart
line:a8922b,hmm,hmm,If the player reads it again.,Player,AveryBuildingSignStart
line:75c453,"vielleicht sollte ich rausfinden, wo\ndieses <color=red>verlassene gebäude</color> ist",maybe i better figure out where\nthis <color=red>abandoned building</color> is,,Player,AveryBuildingSignStart
line:195ec3,Liebe Schildleserin:,Dear Sign Reader:,"This is a sign that is written by Avery, and shows up if the player hasn't seen the destination for this race.",Original,AveryLighthouseSignStart
line:ea09e4,Hi!,Hi!,,Original,AveryLighthouseSignStart
line:28aa9d,Ich kenne dich nicht.,I don't know you.,,Original,AveryLighthouseSignStart
line:594736,Aber du bist bestimmt ziemlich cool.,But you're probably pretty cool.,,Original,AveryLighthouseSignStart
line:265117,Ich bin auch cool!,I'm cool too!,,Original,AveryLighthouseSignStart
line:e4f834,Wir sollten gegeneinander antreten.,We should race each other.,,Original,AveryLighthouseSignStart
line:9c692f,Das wäre cool.,It would be cool.,,Original,AveryLighthouseSignStart
line:5bbb11,BRB!,BRB!,,Original,AveryLighthouseSignStart
line:dec8bf,Ich bau ein Zielband\nam <color=yellow>Leuchtturm</color> auf.,I'm gonna setup a ribbon\nat the <color=yellow>lighthouse.</color>,,Original,AveryLighthouseSignStart
line:349c42,-Avery,-Avery,,Original,AveryLighthouseSignStart
line:2eedcb,hmm,hmm,If the player reads it again.,Player,AveryLighthouseSignStart
line:f415cc,"frag mich, wo dieser <color=red>leuchtturm</color> wohl ist...",i wonder where that <color=red>lighthouse</color> is...,,Player,AveryLighthouseSignStart
line:be93a4,hi!,hi!,Meeting avery after seeing the sign.,Player,AveryIntroduction
line:c41913,bist du Avery?,are you avery?,,Player,AveryIntroduction
line:c5cb9e,JA!,YES!,,Original,AveryIntroduction
line:f330be,das bin ich!!,that's me!!,,Original,AveryIntroduction
line:57672b,haste meine anzeige gelesen?,did you read my ad?,,Original,AveryIntroduction
line:b6a40c,das schild?,the sign?,,Player,AveryIntroduction
line:d7faa0,jo,yeah,,Player,AveryIntroduction
line:379365,SUPER!,GREAT!,,Original,AveryIntroduction
line:ada9fe,alsooo,sooo,,Original,AveryIntroduction
line:e5f6bc,willst du rennen?,you wanna race?,,Original,AveryIntroduction
line:38eabe,HI!!,HI!!,Meeting Avery without seeing a sign,Original,AveryIntroduction
line:138175,ich heiße AVERY!!,my name is AVERY!!,,Original,AveryIntroduction
line:1f6831,"freut mich, dich kennenzulernen!!",it's a pleasure to meet you!!,,Original,AveryIntroduction
line:0689f6,hi,hi,Meeting avery after seeing a sign cooresponding to a different race.,Player,AveryIntroduction
line:5d2d43,ich bin Claire,i'm claire,,Player,AveryIntroduction
line:3efef0,"glaub, ich hab dein schild gesehen",i think i saw your sign,,Player,AveryIntroduction
line:c42308,du HAST!?,you DID!?,,Original,AveryIntroduction
line:2a9577,AUSGEZEICHNET!,EXCELLENT!,,Original,AveryIntroduction
line:16a037,"bist du hier, um gegen mich zu rennen?",so have you come to race me?,,Original,AveryIntroduction
line:13a7d0,HI!!,HI!!,Meeting Avery without any context at all.,Original,AveryIntroduction
line:4058f3,ich heiße AVERY!!,my name is AVERY!!,,Original,AveryIntroduction
line:e21c0f,"ich bin auf einer mission, ein\nPARKOUR-RENNMEISTER zu werden!!",i'm on a quest to become a\nPARKOUR RACING MASTER!!,,Original,AveryIntroduction
line:09b85d,cool!,neat!,,Player,AveryIntroduction
line:e5d953,"DA KANNST DU GIFT DRAUF\nNEHMEN, dass das cool ist!!",you BET YOUR BOTTOM\nDOLLAR it's neat!!,,Original,AveryIntroduction
line:f112fa,allerdings,however,,Original,AveryIntroduction
line:60e62b,ich versuch grad jemanden zum\nüben zu finden!,i'm trying to find someone\nto practice with!,,Original,AveryIntroduction
line:a3f689,also...,so...,,Original,AveryIntroduction
line:07eebc,"...hast du vielleicht lust,\ngegen mich zu rennen?",...any chance you wanna\ngo for a race?,,Original,AveryIntroduction
line:161a9e,hallo nochmal!,hello again!,If you talk to them again.,Original,AveryIntroduction
line:d89d2a,willst du gegen mich ran?,you wanna race me?,,Original,AveryIntroduction
line:847103,heute findet doch dieses große rennen statt!,there's this big race happening today!,"If you ask Avery why she didn't participate in the Meteor Lake race, which other joggers are in.",Player,AveryStory
line:0c7748,TJA...,WELL...,,Original,AveryStory
line:c66965,ähm,um,,Original,AveryStory
line:e86d3a,"es ist ein bisschen peinlich, aber","it's a little embarrassing, but",,Original,AveryStory
line:7eccb9,ich sollte heute eigentlich beim\nMARATHON mitlaufen,i was SUPPOSED to run in\nthe marathon today,,Original,AveryStory
line:5e5d79,aber ich hab wohl\ndie anmeldung verpasst!!,but it turns out i\nmissed registration!!,,Original,AveryStory
line:53ca5e,ohh,ohh,,Player,AveryStory
line:6899de,"sorry, das ist mies","sorry, that sucks",,Player,AveryStory
line:d03709,jep,yup,,Original,AveryStory
line:fc23e2,ich muss schon sagen,i gotta say,,Original,AveryStory
line:ae8420,ich war ziemlich down,i was pretty bummed out,,Original,AveryStory
line:70fec6,"hatte fast lust, das rennen ganz aufzugeben",kinda felt like giving up on racing,,Original,AveryStory
line:c81a55,...,...,,Original,AveryStory
line:336807,aber dann hab ich wie 2 stunden\nparkour-videos geschaut,but then i spent like 2 hours\nwatching parkour videos,,Original,AveryStory
line:b11f26,und jetzt ist meine neue leidenschaft\nPARKOUR-RENNEN!!,and now my new passion\nis PARKOUR RACING!!,,Original,AveryStory
line:152928,"na ja, egal",so whatever,,Original,AveryStory
line:39df05,"ich bin froh, dass du mir beim\nüben helfen wolltest!",i'm glad you were willing\nto help me practice!,,Original,AveryStory
line:1fc720,klar!,sure!,Dialogue choice.,Player,AveryIntroQuestion
line:87caf1,später,later,Dialogue choice.,Player,AveryIntroQuestion
line:5d6a3f,FAAANTASTISCH!,FAAANTASTIC!,Transitions into the corresponding Race Intro.,Original,AveryIntroQuestion
line:979808,na gut,oh well,If you decline.,Original,AveryIntroQuestion
line:b43347,na dann,alright then,,Original,AveryIntroQuestion
line:1dfc0b,heyho!,hiya!,When you meet Avery again after having done a different race.,Original,BuildingRaceIntro
line:1b45fa,ok ok also,ok ok so,,Original,BuildingRaceIntro
line:b3bcd8,ich hab noch 'ne rennstrecke aufgebaut!,i've set up another route to race!,,Original,BuildingRaceIntro
line:dc7795,bist du dabei?,you want in?,,Original,BuildingRaceIntro
line:ba60b5,klar!,sure!,,Player,BuildingRaceIntro
line:dff24b,wohin rennen wir?,where we racing to?,,Player,BuildingRaceIntro
line:021dc4,"also, da ist dieses verlassene gebäude\nwestlich von hier",so there's this abandoned building\nto the west of here,,Original,BuildingRaceIntro
line:f68100,zumindest,at least,,Original,BuildingRaceIntro
line:12ad83,"ich glaub, es ist verlassen?",i think it's abandoned?,,Original,BuildingRaceIntro
line:d00be3,naja egal,anyway,,Original,BuildingRaceIntro
line:2178c6,"ich dachte, wir rennen\nbis ganz nach oben!",i'm thinking we should race\nto the top of it!,,Original,BuildingRaceIntro
line:d50cd3,"wer den pfosten da oben\nzuerst berührt, GEWINNT!",whoever touches the post\nup there first WINS!,,Original,BuildingRaceIntro
line:6185b8,und außerdem,and also,,Original,BuildingRaceIntro
line:2c7375,wir sollten bei diesem rennen nur <color=red>5 goldene\nFedern</color> benutzen!,we should only use <color=red>5 golden\nfeathers</color> during this race!,,Original,BuildingRaceIntro
line:4d180f,das macht's\ngleich spannender!,that'll make\nit more interesting!,,Original,BuildingRaceIntro
line:36faf6,bereit?,you ready?,,Original,BuildingRaceIntro
line:87bd3d,wie wär's mit dem rennen?,so how about that race?,,Original,BuildingRaceIntro
line:fecfc9,hallo nochmal!,hello again!,,Original,BuildingRaceIntro
line:eb3492,willst du ein rematch zum verlassenen gebäude?,you wanna rematch to the abandoned building?,,Original,BuildingRaceIntro
line:5b8929,na gut!,alright!,,Original,BuildingRaceRetry
line:5a5e6e,LEGEN WIR LOS!,LET'S GET TO IT!,,Original,BuildingRaceRetry
line:1a7c54,okay,okay,"If you decline to race, because you don't have the racing shoes.",Original,CancelRaceShoes
line:6523af,"ich warte, bis du ein paar gefunden hast!",i'll wait 'till you've found a pair!,,Original,CancelRaceShoes
line:cf5a2d,hmm!,hmm!,If you try to race before having enough feathers.,Original,ConsiderFeathersRace
line:1a01ba,"vielleicht solltest du erst mehr federn finden,\nbevor du dieses rennen versuchst",you might want to find more feathers\nbefore trying this race,,Original,ConsiderFeathersRace
line:d65056,"ohne sie könnte es schwer\nsein, mitzuhalten!",it might be hard to keep\nup without them!,,Original,ConsiderFeathersRace
line:34ba2d,ich renn trotzdem!,i'll race anyway!,Dialogue choice.,Player,ConsiderFeathersRace
line:dbe9d2,"warte, vergiss es","wait, nevermind",Dialogue choice.,Player,ConsiderFeathersRace
line:270726,na gut,alrighty,,Original,ConsiderFeathersRace
line:842f68,auf geht's!,lets do this!,,Original,ConsiderFeathersRace
line:8023cb,"ich warte, bis du mehr gefunden hast!",i'll wait until you find more!,,Original,ConsiderFeathersRace
line:b8b05f,ok,ok,"When you win the race, it's important that these quips suggest she'll do better next time, because each time you race them, they do get better.",Original,WinRegular
line:410521,ich muss zugeben,i have to admit,,Original,WinRegular
line:d03dbb,du bist GUT!,you are GOOD!,,Original,WinRegular
line:ee7b3d,aber,but,,Original,WinRegular
line:ab236a,"ich hab das gefühl, ich war grad\nerst warmgelaufen!",i feel like i was\njust getting warmed up!,,Original,WinRegular
line:34b061,"mist, du hast mich wieder!",dang you got me again!,When you win the race again.,Original,WinRegular
line:a25523,du hast echt coole moves drauf,you've got some slick moves,,Original,WinRegular
line:a3fcc4,aber,but,,Original,WinRegular
line:73d813,ich hab's vermasselt,i messed up a bit,,Original,WinRegular
line:667c1a,"ich glaub, ich hätte\nviel besser sein können",i think i could have\ndone much better,,Original,WinRegular
line:d9b608,du hast mich geschlagen!!,you beat me!!,,Original,WinRegular
line:e9765f,"ich dachte, den hätte ich...",i thought i had that one...,When you win the race again.,Original,WinRegular
line:de783c,na ja,well,,Original,WinRegular
line:4f85ff,"wenn du nochmal willst,","if you ever want another go,",,Original,WinRegular
line:f30d81,"ich glaub, da geht noch was!",i think i could still improve!,,Original,WinRegular
line:d1e24e,"Claire, du bist eine MASCHINE",claire you are a MACHINE,"After beating Avery a few times, they'll start using the exact route that you did last (they'll follow your racing ghost). This dialogue occurs after beating this ""ghost.""\",Original,WinGhost
line:84abb0,du warst in nur {{WonRaceTime}} sekunden hier!,you got here in just {{WonRaceTime}} seconds!,,Original,WinGhost
line:c81118,"ich wette, ich kann\nviel von dir lernen",i bet i can learn\na lot from you,,Original,WinGhost
line:02e40e,naja,welp,,Original,WinGhost
line:9809e3,"ich bin immer in der nähe,\nfalls du ein rematch willst!",i'll always be around\nif you want a rematch!,,Original,WinGhost
line:88fb28,"ich wette, wenn ich mir ein paar\nvon deinen tricks ausleihe...",i bet if i borrowed some\nof your strategies...,,Original,WinGhost
line:7235ad,...schlag ich dich nächstes mal!,...i could beat ya next time!,,Original,WinGhost
line:3c0edf,woah,woah,If you beat them again.,Original,WinGhost
line:59d4d9,schon wieder geschlagen!,you beat me again,,Original,WinGhost
line:037fb6,"ich kann nicht glauben, dass du nur\n{{WonRaceTime}} sekunden gebraucht hast!",i can't believe it only\ntook you {{WonRaceTime}} seconds!,,Original,WinGhost
line:b6224a,du bist definitiv die bessere rennerin,you're definitely the better racer,,Original,WinGhost
line:e462ab,sollte nächstes mal deine route probieren!,i oughta try your route next time!,,Original,WinGhost
line:c275da,verflixt und zugenäht!,gosh dang it!,If you beat them again.,Original,WinGhost
line:e4105e,du bist zu gut!,you're too good!,,Original,WinGhost
line:ab381e,wie soll ich bloß\n{{WonRaceTime}} sekunden schlagen?,how am i supposed to\nbeat {{WonRaceTime}} seconds?,,Original,WinGhost
line:2633f1,hmm...,hmm...,,Original,WinGhost
line:cf79da,"nächstes mal,","next time,",,Original,WinGhost
line:8e7e1a,ich versuch's mal so wie du!,i'll try doing what you did!,,Original,WinGhost
line:4fe818,ich hab gewonnen!,i won!,If you lose to them,Original,LoseRegular
line:68c867,gutes rennen von dir,you put up a good race,,Original,LoseRegular
line:9407b2,das hat echt spaß gemacht!,that was really fun!,,Original,LoseRegular
line:9147fc,gutes rennen!,good race!,If you lose to them again.,Original,LoseRegular
line:3df838,hattest echt smoothe moves drauf,you had some smooth moves,,Original,LoseRegular
line:a1f4a4,"ich bin immer bereit für ein\nrematch, falls du eins willst!",i'm always be down for a\nrematch if you want one!,,Original,LoseRegular
line:024a95,ja!!,yes!!,If you lose to them again.,Original,LoseRegular
line:e56819,liebe ein gutes rennen!,i love a good race!,,Original,LoseRegular
line:5ad305,danke fürs rennen,thanks for racing me,,Original,LoseRegular
line:775c7e,"hoff, du bist nicht ganz k.o.!",i hope i haven't tired you out!,,Original,LoseRegular
line:f50d0e,ich hab's geschafft!,i did it!,"If you lose to your ""ghost"" - its important to mention that Avery copied your route from last time.",Original,LoseGhost
line:80a866,endlich!,finally!,,Original,LoseGhost
line:3105f5,"obwohl, um ehrlich zu sein","although, if i'm being honest",,Original,LoseGhost
line:86ab73,ich hab... irgendwie deine strategie vom letzten mal kopiert,i kinda... copied your strategy from last time,,Original,LoseGhost
line:7fd42d,ich hab gewonnen!,i won!,If you lose to your ghost again.,Original,LoseGhost
line:26f439,puh!,phew!,,Original,LoseGhost
line:046e08,das war knapp,that was tight,,Original,LoseGhost
line:b00e7c,"hoff, du bist nicht sauer, aber",i hope you don't mind but,,Original,LoseGhost
line:13d8b9,ich hab mir ein paar von deinen\nmoves geborgt!,i borrowed some of your\nmoves for that run!,,Original,LoseGhost
line:242318,"ahh, ich hab gewonnen!",ahh i won!,If you lose to your ghost again.,Original,LoseGhost
line:ec2585,Claire...,claire...,,Original,LoseGhost
line:f728a3,ich hab so viel vom rennen gegen dich gelernt!,i've learned so much from racing you!,,Original,LoseGhost
line:467ab2,ich schulde dir was!!,i really owe you one!!,,Original,LoseGhost
line:04f642,"ich bin froh, dass ich dich\nals renn-buddy hab!",i'm glad i've got\nyou as my racing buddy!,,Original,LoseGhost
line:7668e2,OH!,OH!,"After losing a race, she'll give you the walkie talkie.",Original,GiveWalkieTalkie
line:eafb86,hab ich fast vergessen,i nearly forgot,,Original,GiveWalkieTalkie
line:f5011f,ich hab was für dich!,i've got something for you!,,Original,GiveWalkieTalkie
line:504db6,falls du dich mal bei einem rennen verläufst,if you ever get lost during a race,,Original,GiveWalkieTalkie
line:dfdf49,"ruf mich an, dann fangen wir neu an!",ring me up and we can start over!,,Original,GiveWalkieTalkie
line:bfec65,es war irgendwie ein anstrengender Tag,it's kinda been a busy day,"When you beat the game and talk to the Aunt again, you'll tell her three things you did that day. This node contains all the different things you can tell her, based on what you did.",Player,AuntDynamic
line:c89ff4,ach ja?,oh yeah?,,Original,AuntDynamic
line:404828,was hast du denn so gemacht?,what have you been up to?,,Original,AuntDynamic
line:0a3c2e,naja...,well...,,Player,AuntDynamic
line:5af845,{{Transition}},{{Transition}},"{{Transition}} is replaced with some sort of bridging comment, like ""um.. what else did I do today"" or ""OH! And...""",Player,AuntDynamic
line:8e9024,ich hab ein Stück Toast bekommen,i got a piece of toast,If you got the secret toast.,Player,AuntDynamic
line:e6bd98,...und Erdbeeren?!,...and strawberries?!,The toast is supposed to come with strawberries - but they were out.,Original,AuntDynamic
line:5f05ce,"nein, nur den Toast","no, just the toast",,Player,AuntDynamic
line:409a51,ach,aw,,Original,AuntDynamic
line:46b377,{{Transition}},{{Transition}},,Player,AuntDynamic
line:261c74,ich hab Toast gegessen,i ate some toast,If you got the toast AND ate it.,Player,AuntDynamic
line:009979,...und Erdbeeren?!,...and strawberries?!,,Original,AuntDynamic
line:b2a1c9,"nein, nur den Toast","no, just the toast",,Player,AuntDynamic
line:2e2822,ach,aw,,Original,AuntDynamic
line:fad92e,{{Transition}},{{Transition}},,Player,AuntDynamic
line:4701d0,ich hab total viele Fische gefangen!,i caught a lot of fish!,If you filled out the fish journal.,Player,AuntDynamic
line:d92c73,"und ich mein, wirklich,","and i mean like,",,Player,AuntDynamic
line:d279c1,'ne MENGE Fische,a LOT of fish,,Player,AuntDynamic
line:2f76d7,ich hab ein ganzes Fischtagebuch damit vollgeschrieben!,i filled out a whole journal of them!,,Player,AuntDynamic
line:648e7e,wow!,wow!,,Original,AuntDynamic
line:9b81a1,du WARST aber beschäftigt,you HAVE been busy,,Original,AuntDynamic
line:dfa256,{{Transition}},{{Transition}},,Player,AuntDynamic
line:fb29a1,ich hab einen richtig seltenen Fisch gefangen!,i caught a really rare fish!,If you caught a rare fish - this won't happen if you already talked about fishing.,Player,AuntDynamic
line:125b38,seit wann kannst du denn angeln?,since when did you learn to fish?,,Original,AuntDynamic
line:ab56c2,erst seit heute!,just today!,,Player,AuntDynamic
line:a25894,wow!,wow!,,Original,AuntDynamic
line:58bf75,du WARST aber beschäftigt,you HAVE been busy,,Original,AuntDynamic
line:224db4,{{Transition}},{{Transition}},,Player,AuntDynamic
line:8f1170,ich hab angeln gelernt!,i learned how to fish!,If you learnt how to fish - this won't happen if you already talked about fishing.,Player,AuntDynamic
line:1adf1a,ach echt?,did you now?,,Original,AuntDynamic
line:52fcb1,ja!,yeah!,,Player,AuntDynamic
line:acf384,Bill hat mir eine Angelrute geliehen,bill lent me a fishing rod,,Player,AuntDynamic
line:b1fcde,klar war das Bill!,of course it was bill!,,Original,AuntDynamic
line:0588d0,"ich glaub, ich hab ihn noch nie
gesehen, wie er NICHT angelt!",i don't think i've ever\nseen him NOT fishing!,,Original,AuntDynamic
line:9ae69f,{{Transition}},{{Transition}},,Player,AuntDynamic
line:aebc89,"ich will ja nicht angeben, aber",i don't mean to brag but,If you get 20+ in Beachstickball,Player,AuntDynamic
line:b4c4e6,"ich glaub, ich bin heute
Strandstockball-Weltmeisterin geworden",i think i became a beachstickball\nworld champion today,,Player,AuntDynamic
line:766c37,was ist Strandstockball?,what's beachstickball?,,Original,AuntDynamic
line:d60db0,das wird der nächste große Hit,it's gonna be the next big thing,,Player,AuntDynamic
line:f81b4f,"es ist wie Volleyball,
nur mit einem Stock",it's like volleyball\nbut with a stick,,Player,AuntDynamic
line:991695,das würd ich spielen!,i'd play that!,,Original,AuntDynamic
line:c7ee6a,{{Transition}},{{Transition}},,Player,AuntDynamic
line:c3d3b6,ich hab 'ne Runde Strandstockball gespielt,i played a game of beachstickball,If you play Beachstickball and get under 20 points,Player,AuntDynamic
line:695b04,was ist Strandstockball?,what's beachstickball?,,Original,AuntDynamic
line:edbc45,"das ist irgend so ein Spiel, das die Kids spielen",it's some game the kids play,,Player,AuntDynamic
line:23899f,die spielen doch ständig was Neues,they're always playing something new,,Original,AuntDynamic
line:3983bc,"ich kann mit der Jugend von heute
nicht mehr mithalten",i can't keep up with\nthe youth these days,,Original,AuntDynamic
line:c90080,{{Transition}},{{Transition}},,Player,AuntDynamic
line:4ba184,ich bin zu einer geheimnisvollen Insel rausgeschwommen!,i swam out to a mysterious island!,If you visit the secret island.,Player,AuntDynamic
line:bdf471,du meinst Pats Landspitze?,you mean pat's point?,,Original,AuntDynamic
line:9d3c6f,heißt die so?,is that it's name?,,Player,AuntDynamic
line:1881c5,das klingt dann,that makes it sound like,,Player,AuntDynamic
line:c58a48,gleich viel weniger geheimnisvoll,way less mysterious,,Player,AuntDynamic
line:ebbf38,sorry!,sorry!,,Original,AuntDynamic
line:445da7,{{Transition}},{{Transition}},,Player,AuntDynamic
line:e04a0e,ich hab mit meiner Schaufel gegen diesen Felsen gehauen...,i whacked my shovel against this rock...,If you hit your shovel against the money rock - this is a reference to Animal Crossing.,Player,AuntDynamic
line:cd7653,...und da kam GELD raus!,...and MONEY came out!,,Player,AuntDynamic
line:2decf0,es war ein GELDFELSEN!,it was a MONEY ROCK!,,Player,AuntDynamic
line:5ee56c,"jetzt erfindest du
aber echt was!",well now you're\njust making stuff up!,,Original,AuntDynamic
line:b89fb0,"ich bezweifle stark, dass du
diesen ""Geldfelsen"" gefunden hast","i highly doubt you\nfound this ""money rock""",,Original,AuntDynamic
line:35d0ae,...in Ontario,...in ontario,This is a joke - since it sounds like a Money Rock would be made up - but then it turns out they are a real thing in this universe - kind of breaking your expectations.,Original,AuntDynamic
line:c46fe3,"die gibt's eher
an der Westküste",they're more of a\nwest-coast thing,,Original,AuntDynamic
line:cff45e,{{Transition}},{{Transition}},,Player,AuntDynamic
line:25bb37,ich hab heute ein Parkour-Rennen gewonnen!,i won a parkour race today!,If you did a race.,Player,AuntDynamic
line:f3b6c6,wow!,wow!,,Original,AuntDynamic
line:7928ef,äh,uh,,Original,AuntDynamic
line:4e9c9a,was ist Parkour?,what's parkour?,,Original,AuntDynamic
line:ad18f9,"äh, das ist wie...",uh it's like...,,Player,AuntDynamic
line:934183,rumspringen und klettern und so?,jumping around and climbing stuff?,,Player,AuntDynamic
line:4c1ca4,klingt lustig,that sounds fun,,Original,AuntDynamic
line:923cea,{{Transition}},{{Transition}},,Player,AuntDynamic
line:62c03b,ich hab heute einen Künstler getroffen!,i met an artist today!,If you did the Artist Quest.,Player,AuntDynamic
line:fc6c10,er hat hier Landschaften gemalt,they were painting landscapes here,,Player,AuntDynamic
line:375b88,seine Kunst war unglaublich,their art was amazing,,Player,AuntDynamic
line:cb77e8,"na, der Habichtsgipfel ist ja wunderschön",well hawk peak is beautiful,,Original,AuntDynamic
line:d39337,da bin ich nicht überrascht!,so i'm not surprised!,,Original,AuntDynamic
line:1bcea0,{{Transition}},{{Transition}},,Player,AuntDynamic
line:91ce9c,ich hab am Aussichtspunkt einen Freund gefunden!,i made a friend at outlook point!,If you got the secret map from meeting the Dog at outlook point.,Player,AuntDynamic
line:249ef2,der Feuerwachturm ist richtig cool,the firetower is really cool,,Player,AuntDynamic
line:87cd22,ja!,yeah!,,Original,AuntDynamic
line:68d4d8,"das ist ein toller Ort,
um den Sonnenuntergang zu sehen",it's a great place\nto watch the sunset,,Original,AuntDynamic
line:8fbef4,{{Transition}},{{Transition}},,Player,AuntDynamic
line:d6ac30,"ich hab eine geheime Abkürzung
durch den Berg gefunden!",i found a secret shortcut\nthrough the mountain!,If you opened a secret cave.,Player,AuntDynamic
line:d11cfe,du meinst...,you mean...,,Original,AuntDynamic
line:7da2ab,"du bist durch die
gesperrten Tunnel gekommen!?",you got through the\nblocked tunnels!?,,Original,AuntDynamic
line:3a7aeb,das ist sehr gefährlich,that's very dangerous,,Original,AuntDynamic
line:e7693c,"die wurden nicht ohne
Grund gesperrt!",they were blocked off\nfor a reason!,,Original,AuntDynamic
line:c63da6,"haha, uuups!",haha whooooops!,,Player,AuntDynamic
line:c12b29,Claire!,claire!,,Original,AuntDynamic
line:ba9c90,{{Transition}},{{Transition}},,Player,AuntDynamic
line:e14636,"ich glaub, ich hab heute ein
zukünftiges Staatsoberhaupt getroffen...",i think i met a future\nprime minister today...,If you talked to the sandcastle frog and saw their entire election process.,Player,AuntDynamic
line:86d7f5,"entweder das, oder ein
wahres Baugenie!",either that or a\nmaster architect!,,Player,AuntDynamic
line:1786cb,du meinst das Sandburgenkind?,you mean sandcastle kid?,,Original,AuntDynamic
line:1d6dff,"ja, das Sandburgenkind",yeah the sandcastle kid,,Player,AuntDynamic
line:c24aa0,bin ich nicht überrascht,i'm not surprised,,Original,AuntDynamic
line:d4a6b1,total typisch Sandburgenkind,that's classic sandcastle kid,,Original,AuntDynamic
line:f7fa0b,{{Transition}},{{Transition}},,Player,AuntDynamic
line:9e187f,ich bin einem Kletterclub beigetreten,i joined a rock climbing club,If you joined the rock climbing club.,Player,AuntDynamic
line:75a43e,sehr schön!,very nice!,,Original,AuntDynamic
line:749356,das ist gute Bewegung,that's good exercise,,Original,AuntDynamic
line:d4ed04,ist das ein großer Club?,is it a big club?,,Original,AuntDynamic
line:8c6ac2,äh,uh,,Player,AuntDynamic
line:35befd,es...,it...,,Player,AuntDynamic
line:ff84e0,...kommt drauf an?,...depends?,,Player,AuntDynamic
line:2bb787,hmm ok,hmm ok,,Original,AuntDynamic
line:3a7c33,{{Transition}},{{Transition}},,Player,AuntDynamic
line:1c15b4,ich hab heute die Studiengebühren für ein Semester bezahlt!,i paid a semester's tuition today!,If you helped the Tough Bird's tuition.,Player,AuntDynamic
line:8e2ebf,du hast WAS?!,you WHAT?!,,Original,AuntDynamic
line:20474f,"ja, äh",yeah uh,,Player,AuntDynamic
line:70ca6f,"nicht meine, aber",not mine but,,Player,AuntDynamic
line:c47b6e,ich hab's bezahlt,i did,,Player,AuntDynamic
line:3ba7b7,ähh,uhh,,Original,AuntDynamic
line:094dfd,das ist wohl gut,that's good i guess,,Original,AuntDynamic
line:d71849,{{Transition}},{{Transition}},,Player,AuntDynamic
line:4fcad8,"ich glaub, ich bin jetzt
Teil der Gig Economy",i think i joined\nthe gig economy,If you complete the Shell Kid's quest.,Player,AuntDynamic
line:a611b9,du was?,you what?,,Original,AuntDynamic
line:edc3b2,"eh, ist 'ne lange Geschichte",eh it's a long story,,Player,AuntDynamic
line:fed760,na,well,,Original,AuntDynamic
line:a8188b,"ich hoff, die Bezahlung war gut!",i hope the pay was good!,,Original,AuntDynamic
line:b93bda,{{Transition}},{{Transition}},,Player,AuntDynamic
line:91bfb2,ich hab mir diesen Rangerhut gekauft!,i bought this rangers hat!,If you're wearing the ranger hat,Player,AuntDynamic
line:885ef3,"du trägst deinen so gut,","you wear yours so well,",,Player,AuntDynamic
line:ebedd0,"da dacht ich mir, ich hol mir auch einen!",i thought i'd better get one too!,,Player,AuntDynamic
line:d8a4f2,was denkst du?,what do ya think?,,Player,AuntDynamic
line:6ad66d,ich hab mir einen Rangerhut gekauft!,i bought a rangers hat!,IF you only bought the hat,Player,AuntDynamic
line:0b64f5,"du trägst deinen so gut,","you wear yours so well,",,Player,AuntDynamic
line:4b3970,"da dacht ich mir, ich hol mir auch einen!",i thought i'd better get one too!,,Player,AuntDynamic
line:defe11,schau mal,check it out,,Player,AuntDynamic
line:7510e8,guter Kauf!,nice buy!,,Original,AuntDynamic
line:f6d137,steht dir richtig gut!,it looks great on you!,,Original,AuntDynamic
line:db992b,{{Transition}},{{Transition}},,Player,AuntDynamic
line:7db621,ich hab dieses coole Stirnband bekommen!,i got this cool headband!,If you're wearing the headband,Player,AuntDynamic
line:1c2a5d,schau dir das an,check this out,,Player,AuntDynamic
line:b00b9c,na?,eh?,,Player,AuntDynamic
line:b2e01d,"ziemlich cool, oder?",pretty cool huh?,,Player,AuntDynamic
line:dc6a15,das IST ziemlich cool,it IS pretty cool,,Original,AuntDynamic
line:59fff7,{{Transition}},{{Transition}},,Player,AuntDynamic
line:d72750,ich hab einen vergrabenen Schatz gefunden!,i found some buried treasure!,If you dug up treasure,Player,AuntDynamic
line:a56577,ich musste ein kniffliges Rätsel lösen,i had to solve a tricky riddle,,Player,AuntDynamic
line:432678,"ein Rätsel, was?",a riddle huh?,,Original,AuntDynamic
line:1e6537,das ist cool,that's cool,,Original,AuntDynamic
line:593a7d,{{Transition}},{{Transition}},If you have a lot of money,Player,AuntDynamic
line:a5f657,ich hab mir die Taschen vollgestopft!,i filled up my pockets!,,Player,AuntDynamic
line:5060b9,"schau dir all die Münzen an, die ich gefunden hab!",look at all these coins i found!,,Player,AuntDynamic
line:f62121,echt jetzt!,you aren't kidding!,,Original,AuntDynamic
line:a59e7f,das ist ja richtig viel Kohle!,that's some serious dough!,,Original,AuntDynamic
line:7d89f7,äh,uh,"If you didn't do any of the above stuff, Claire will say this",Player,AuntDynamic
line:406e81,ich weiß es ehrlich gesagt nicht mehr!,i don't actually remember!,,Player,AuntDynamic
line:cda327,du musst ziemlich müde sein!,you must be pretty tired!,,Original,AuntDynamic
line:1c38e6,und,and,"If you did less than 3 of the above stuff, Claire will say this",Player,AuntDynamic
line:e6e2fe,ich hab wahrscheinlich noch viel mehr gemacht!,i probably did a bunch more!,,Player,AuntDynamic
line:f922ab,ich weiß es einfach nicht mehr...,i just don't remember...,,Player,AuntDynamic
line:f5fff3,es war ein langer Tag!,it's been a long day!,,Player,AuntDynamic
line:bc6864,kann ich verstehen!,fair enough!,,Original,AuntDynamic
line:e2d3a4,jedenfalls,anywhoo,The Aunt wraps up the dialogue at this node.,Original,AuntHungry
line:4c8e11,hast du hunger?,you hungry?,,Original,AuntHungry
line:a07cf2,ich hol gleich die Hotdogs raus,i'm gonna break out the hotdogs soon,,Original,AuntHungry
line:5d1a0b,"ich dachte du wolltest
curry machen?",i thought you were\ngonna make curry?,Only if you talked to her about curry earlier.,Player,AuntHungry
line:94ae72,eh,eh,,Original,AuntHungry
line:205292,jetzt bin ich zu faul dazu,now i'm feeling lazy,,Original,AuntHungry
line:ef42c2,naja...,well...,,Player,AuntHungry
line:3d17a3,ich bin irgendwie k.o.,i'm kinda tired out,,Player,AuntHungry
line:191dd6,ich mach jetzt n nickerchen oder so,i'm gonna go take a nap or something,,Player,AuntHungry
line:297618,na gut dann!,alrighty then!,,Original,AuntHungry
line:953143,mach's gut!,have a good one!,,Original,AuntHungry
line:46c54d,huh?,huh?,"When you pull a fish out the river, and it has the campers permit in it.",Original,FoundFishPermit
line:1f7d59,"er hat was
im maul...",it has something\nin its mouth...,,Original,FoundFishPermit
line:594261,das sieht aus wie...,it looks like...,,Original,FoundFishPermit
line:24382b,eine Camping-Genehmigung!?,a camping permit!?,,Original,FoundFishPermit
line:7360c2,"sorry, dass ich vorhin so ausgeflippt bin",sorry for freaking out earlier,If you continue to talk to the camper cat.,Original,CampCatFreakout
line:4c11c2,"ich bin ständig nervös,
seit ich meine Genehmigung verloren hab",i've been on edge ever\nsince i lost my permit,,Original,CampCatFreakout
line:169c62,allein der Gedanke...,the thought of...,,Original,CampCatFreakout
line:5971e9,"...beschuldigt zu werden, ohne
Genehmigung zu campen...",...being accused of camping\nwithout a permit...,,Original,CampCatFreakout
line:64f213,das ist der absolute Albtraum!,that's the ultimate nightmare!,,Original,CampCatFreakout
line:9ad6a3,hey Tim!,hey tim!,"If you talk to Tim (the climber squriell), before doing the climbers rest talk.",Player,IceSquirrelStart
line:388534,wie läuft's?,how's it going?,Jumps to ClimbersRestTalk.,Player,IceSquirrelStart
line:e2689b,soooo,sooooo,"If you talk to Tim, after rest talk.",Player,IceSquirrelStart
line:9b8d16,wusstest du eigentlich,did you know,Jump to DiscussedNovel.,Player,IceSquirrelStart
line:e283d0,wie bist du eigentlich die Klippe hochgekommen?,so how'd you get up that cliff?,If you talk to Tim again.,Player,IceSquirrelStart
line:c537ee,naja...,well...,,Original,IceSquirrelStart
line:8ddafd,ich hatte echt guten Rat bekommen,i had some really good advice,,Original,IceSquirrelStart
line:0acaee,"ach, danke",aw thanks,,SitRhino,IceSquirrelStart
line:115ae9,"ich hab mein Bestes gegeben, um zu helfen",i tried to my best to help,,SitRhino,IceSquirrelStart
line:58d801,na eigentlich,well actually,"If you hear did same ""climb climb all the time"" before, he'll say this as a reference.",Original,IceSquirrelStart
line:0fee38,"mir ist gerade
das Geheimnis des Kletterns eingefallen",i just remembered\nthe secret of climbing,,Original,IceSquirrelStart
line:e27680,klettern klettern die ganze Zeit?,climb climb all the time?,,Player,IceSquirrelStart
line:87b62d,bingo!,bingo!,,Original,IceSquirrelStart
line:5fc1f8,denk dran,remember,If you talk to Tim again.,Original,IceSquirrelStart
line:cd37f8,"der Kletterverein
dreht sich nicht NUR ums Klettern",the rock climbers association\nisn't JUST about climbing,,Original,IceSquirrelStart
line:66520c,ach nicht?,it isn't?,,Player,IceSquirrelStart
line:3bed22,"man erwartet auch, dass du ein AKTIVES
Mitglied der Online-Community bist!",you're also expected to be an ACTIVE\nmember of the online community!,,Original,IceSquirrelStart
line:fce5ec,das ist sehr wichtig,it's very important,,Original,IceSquirrelStart
line:4278de,achso,i see,,Player,IceSquirrelStart
line:8512e4,ich bin Moderatorin in den Foren,i'm a moderator on the forums,,Player,IceSquirrelStart
line:53e3b5,also,so,,Player,IceSquirrelStart
line:e14d93,"ich werd's merken, wenn du
nicht mitmachst!",i'll know if you're\nnot participating!,,Player,IceSquirrelStart
line:401ca6,hey ihr beiden!,hey you guys!,If you talk to him before climber rest talk.,Player,IceRhinoStart
line:7c803f,wie läuft's?,how's it going?,Jumps to ClimbersRestTalk.,Player,IceRhinoStart
line:bb2f75,"und, was habt ihr so gemacht?",so what have you been up to?,If you talk to him after climber rest talk.,Player,IceRhinoStart
line:af5bd4,nur am Quatschen mit Charlie,just chattin' with charlie,,Original,IceRhinoStart
line:862125,"er hat 'ne Menge gute Geschichten
von der Arbeit hier oben",he's got a lot of good stories\nfrom working up here,,Original,IceRhinoStart
line:244796,apropos Geschichten...,speaking of stories...,,SitSquirrel,IceRhinoStart
line:1c3656,ich will seinen ROMAN lesen!!,i wanna read his NOVEL!!,,SitSquirrel,IceRhinoStart
line:5a4264,Tim!,tim!,Jump to DiscussedNovel.,Original,IceRhinoStart
line:d02724,Claire,claire,If you talk to rhino again.,Original,IceRhinoStart
line:d0469c,ich muss schon sagen,i've got to say,,Original,IceRhinoStart
line:9fb0c2,du bist echt 'ne beeindruckende Kletterin,you're a really impressive climber,,Original,IceRhinoStart
line:910ddf,"naja, es hilft, dass
ich auch fliegen kann","well, it helps that\ni can also fly",,Player,IceRhinoStart
line:2191c1,das macht's deutlich weniger riskant,it makes it a lot less risky,,Player,IceRhinoStart
line:aa4e6f,"mach dich nicht kleiner, als du bist",don't sell yourself short,,Original,IceRhinoStart
line:6a2576,du bist genial!,you're awesome!,,Original,IceRhinoStart
line:04efdc,"lass uns morgen
zum Gipfel hochwandern!",let's hike up to\nthe top tomorrow!,,Original,IceRhinoStart
line:7a963a,du kannst mir den Weg zeigen!,you can show me the way!,,Original,IceRhinoStart
line:cf7683,"DAS HILFT MIR NICHT WEITER, CLAIRE!",THIS AIN'T HELPING CLAIRE!,If you stand on Tim's head while he's trying to climb.,Original,SquirrelClimbStart
line:927794,OOHH,OOHH,The climbers talk about their journey.,SitSquirrel,ClimbersRestTalk
line:e477d3,WEISST DU,YOU KNOW,,SitSquirrel,ClimbersRestTalk
line:2bbcba,ZIEMLICH GUT,PRETTY GOOD,,SitSquirrel,ClimbersRestTalk
line:c045d4,ICH HAB GERADE DEN HABICHTSGIPFEL BEZWUNGEN,I JUST CONQUERED HAWK PEAK,,SitSquirrel,ClimbersRestTalk
line:1987df,SO,LIKE,,SitSquirrel,ClimbersRestTalk
line:b2bac3,KEIN GROSSES DING,NO BIG DEAL,,SitSquirrel,ClimbersRestTalk
line:bf0f1f,nice!,nice!,,Player,ClimbersRestTalk
line:bfbb60,du hast's auch bis nach oben geschafft?,you made it the top too?,,Player,ClimbersRestTalk
line:8c0a68,...,...,,SitSquirrel,ClimbersRestTalk
line:bde61f,NAJA,WELL,,SitSquirrel,ClimbersRestTalk
line:37739f,FAST BEZWUNGEN,ALMOST CONQUERED IT,,SitSquirrel,ClimbersRestTalk
line:4f2bd5,"WIR SIND JA SO GUT WIE OBEN, ODER?",WE'RE BASICALLY THERE RIGHT?,,SitSquirrel,ClimbersRestTalk
line:d42384,"na ja, technisch gesehen",well technically,,SitBear,ClimbersRestTalk
line:d45f04,"dieser ganze Bereich hier
zählt schon als Habichtsgipfel",this whole area is\nconsidered hawk peak,,SitBear,ClimbersRestTalk
line:110e5e,SIEHST DU?,SEE?,,SitSquirrel,ClimbersRestTalk
line:b9890f,GESCHAFFT,NAILED IT,,SitSquirrel,ClimbersRestTalk
line:f8688d,"wir schaffen's zum
höchsten Punkt vom Habichtsgipfel ein andermal",we're gonna make it to\nhawk peak's peak another day,,SitRhino,ClimbersRestTalk
line:65e85b,"ich glaub, wir sind an unserer Grenze",i think we're at our limit,,SitRhino,ClimbersRestTalk
line:e05da1,"man sollte sich nicht zu sehr
überanstrengen, oder?","it's better not to push\nyourself too hard, right?",,SitRhino,ClimbersRestTalk
line:3327fc,auf jeden Fall,definitely,,SitBear,ClimbersRestTalk
line:3f16c8,Sicherheit geht immer vor,safety always comes first,,SitBear,ClimbersRestTalk
line:699367,"du hast's aber geschafft, oder?","you made it up, though?",,SitRhino,ClimbersRestTalk
line:ee9498,wie war's?,how was it?,,SitRhino,ClimbersRestTalk
line:b71884,es war wunderschön!,it was beautiful!,,Player,ClimbersRestTalk
line:88b0dd,"das Nordlicht ist da oben
richtig hell",the northern lights are\nreally bright up there,,Player,ClimbersRestTalk
line:3fa79c,"ich kann's kaum erwarten, das selbst zu sehen!",i can't wait to see it myself!,,SitRhino,ClimbersRestTalk
line:42c5be,"es ist schön, hier oben
mal Gesellschaft zu haben",it's nice to have\nsome company up here,"If you talk to the bear, triggering the novel talk.",Original,PolarBearSitStart
line:f6a84e,normalerweise ist es hier ziemlich ruhig,usually it's pretty quiet,,Original,PolarBearSitStart
line:3e3036,wird's hier oben nicht langweilig?,does it get boring up here?,,Player,PolarBearSitStart
line:22e988,naja,well,,Original,PolarBearSitStart
line:fc2c95,ich hab genug zu tun,i keep busy,,Original,PolarBearSitStart
line:36fd46,"Claire, hast du schon gehört?","claire, did ya hear?",Jump to Discussed Novel.,SitSquirrel,PolarBearSitStart
line:824fb1,"kann ich deine Geschichte lesen,
wenn sie fertig ist?",can i read your story\nwhen it's done?,If you talk to the bear again.,Player,PolarBearSitStart
line:73025a,naja...,well...,,Original,PolarBearSitStart
line:f29b50,ich schätze schon,i suppose so,,Original,PolarBearSitStart
line:6f6be1,genial!,awesome!,,Player,PolarBearSitStart
line:b590d9,"ich wette, die wird toll!",i bet it'll be great!,,Player,PolarBearSitStart
line:7fd6d2,bleib warm da draußen!,keep warm out there!,,Player,PolarBearSitStart
line:62f860,Charlie schreibt ANGEBLICH ein Buch,charlie's SUPPOSEDLY writing a book,The group talks about Charlies (the bear)'s novel.,SitSquirrel,DiscussedNovel
line:0874b1,"he, jetzt mal langsam!",hey now!,,SitBear,DiscussedNovel
line:f04cb4,ich bin...,i am...,,SitBear,DiscussedNovel
line:c665c5,...fast fertig,...almost done,,SitBear,DiscussedNovel
line:983d2d,und,and,,SitBear,DiscussedNovel
line:5e5037,es ist nur eine Kurzgeschichte!,it's only a short story!,,SitBear,DiscussedNovel
line:22cec5,warum darf ich's dann nicht lesen!,then why can't i read it!,,SitSquirrel,DiscussedNovel
line:80fb4e,es ist FAST fertig,it's ALMOST done,,SitBear,DiscussedNovel
line:fc2318,es ist noch nicht bereit...,it's not ready yet...,,SitBear,DiscussedNovel
line:cb51be,ich hab Probleme mit dem Ende,i'm having trouble with the ending,,SitBear,DiscussedNovel
line:7fff81,"ach, das ist doch einfach",oh well that's easy,,SitSquirrel,DiscussedNovel
line:6808b1,mach's einfach super traurig,just make it super sad,,SitSquirrel,DiscussedNovel
line:b1e5e1,alle weinen alle sterben,everyone cries everyone dies,,SitSquirrel,DiscussedNovel
line:043d1a,"so macht man
ein KUNSTWERK",that's how you make\na work of ART,,SitSquirrel,DiscussedNovel
line:24923a,keine Ahnung,i dunno,,SitRhino,DiscussedNovel
line:476e3e,ich mag Happy Ends,i like happy endings,,SitRhino,DiscussedNovel
line:905fbb,also,like,,SitRhino,DiscussedNovel
line:28e42d,ich versteh's nicht wirklich,i don't really get it,,SitRhino,DiscussedNovel
line:f5e33b,"warum sollte man ein Buch
weglegen wollen und sich schlechter
fühlen, als bevor man's aufgeschlagen hat?",why would you want to put down a\nbook and feel worse than you\ndid when you picked it up?,,SitRhino,DiscussedNovel
line:74a435,man fühlt sich nicht schlechter!,you don't feel worse!,,SitSquirrel,DiscussedNovel
line:3794f7,es ist...,it's...,,SitSquirrel,DiscussedNovel
line:d9e043,ERFÜLLEND!,FULFILLING!,,SitSquirrel,DiscussedNovel
line:6ff505,manchmal braucht man traurige Enden!,sometimes you need sad endings!,,SitSquirrel,DiscussedNovel
line:c866d1,ähem,ahem,,SitBear,DiscussedNovel
line:818b29,"schon gut, Leute",it's okay guys,,SitBear,DiscussedNovel
line:6920e0,ich find das Ende schon selbst raus,i'll figure out the ending myself,,SitBear,DiscussedNovel
line:c1b989,äh,uh,If you pour a bucket of water on the Goat Ranger's fire.,Original,FireOutRangerStart
line:007658,schätze schon,i guess,,Original,FireOutRangerStart
line:ccdc24,"es ist gut, sich sorgen\num feuersicherheit zu machen...",it's good to be\nconcerned about fire safety...,,Original,FireOutRangerStart
line:61212a,...aber ich hab das hier\nim griff,...but i've got this\none under control,,Original,FireOutRangerStart
line:e1c3b3,"also, äh",so uhhhh,If you do it again.,Original,FireOutRangerStart
line:a1a27c,ich hab das grad wieder angezündet,i just relit that,,Original,FireOutRangerStart
line:03f836,"ich würd's gern brennen lassen,\nwenn's dir nichts ausmacht","i'd like to keep it lit,\nif you don't mind",,Original,FireOutRangerStart
line:7891bb,"hey, äh",hey uh,If you do it again.,Original,FireOutRangerStart
line:02effb,kannst du das in ruhe lassen?,can you leave that alone?,,Original,FireOutRangerStart
line:d7e8ef,aber es gibt ein feuerverbot!,but there's a fire ban!,,Player,FireOutRangerStart
line:42db47,es ist eigentlich nur eine feuerwarnung,it's actually just a fire caution,,Original,FireOutRangerStart
line:78b103,oh,oh,,Player,FireOutRangerStart
line:d1563a,na gut,alright,,Player,FireOutRangerStart
line:904461,Claire!,claire!,If you do it again.,Player,FireOutRangerStart
line:9449bf,tut mir leid!,i'm sorry!,,Player,FireOutRangerStart
line:07b58e,"es sah so aus, als würd\nes zu groß werden",it looked like it was\nstarting to get too big,,Player,FireOutRangerStart
line:438484,sicher ist sicher,better safe than sorry,,Player,FireOutRangerStart
line:7773ff,na ja,well,,Original,FireOutRangerStart
line:76a8cc,"du hast doch grad gesagt, du WÄRST sorry",you just said you WERE sorry,,Original,FireOutRangerStart
line:d62784,ups!,oops!,,Player,FireOutRangerStart
line:7103a6,"ja, stimmt wohl",yeah i guess i did,,Player,FireOutRangerStart
line:f7ef7b,Claire!!,claire!!,If you do it again.,Player,FireOutRangerStart
line:126b0c,sorry!!,sorry!!,,Player,FireOutRangerStart
line:3ae172,ist schon ziemlich heiß heute,it is pretty hot out,If you put out the fire near your aunt.,Original,FireOutAuntStart
line:e2a29e,"ich glaub, wir brauchen\ngrad eigentlich kein feuer",i guess we don't really\nneed a fire right now,,Original,FireOutAuntStart
line:c9b722,zu heiß für dich?,too hot for you?,If you do it again.,Original,FireOutAuntStart
line:7988a6,weiß nicht,i dunno,,Player,FireOutAuntStart
line:40eca4,"ich war nur neugierig, was du machen würdest",i was just curious what you'd do,,Player,FireOutAuntStart
line:4841da,hm,huh,,Original,FireOutAuntStart
line:89181c,nunja,welp,,Original,FireOutAuntStart
line:987fac,ich krieg echt viel übung\nim feuermachen,i'm sure getting a lot\nof fire starting practice,If you do it again.,Original,FireOutAuntStart
line:27e5e2,Claire,claire,If you put out the fire near the bear.,Original,FireOutBearStart
line:44da9b,ich mag deine initiative!,i like your initiative!,,Original,FireOutBearStart
line:2f1c4d,feuersicherheit ist kein spaß!,fire safety is no joke!,,Original,FireOutBearStart
line:9c96ad,"gute arbeit, Claire!",nice work claire!,If you do it again.,Original,FireOutBearStart
line:22586c,das feuer ist schön anzuschauen,the fire's nice to look at,,Original,FireOutBearStart
line:b41f2a,"aber es ist es nicht wert,\nunsere sicherheit aufs spiel zu setzen",but it's not worth\ncompromising our safety,,Original,FireOutBearStart
line:9b01ed,wer braucht schon feuer,who needs fire anyway,If you do it again.,Original,FireOutBearStart
line:e98e0a,mir ist es so oder so recht,i'm comfortable with or without,,Original,FireOutBearStart
line:de5d05,na ja,well,,SitRhino,FireOutBearStart
line:64107b,ich mag das feuer...,i like the fire...,,SitRhino,FireOutBearStart
line:395426,vielleicht bin nur ich das,maybe it's just me,,SitRhino,FireOutBearStart
line:014d1e,aber ich würd's gern\nweiterbrennen lassen,but i'd like to keep the fire going,,SitRhino,FireOutBearStart
line:4ca94b,dem schließ ich mich an,seconded,,SitSquirrel,FireOutBearStart
line:0492f6,woah,woah,If you help the photography Fox get to the top of the mountain.,Original,IceHikerPeak
line:17aeb8,Claire,claire,,Original,IceHikerPeak
line:578df3,"das ist besser, als\nich es mir vorstellen konnte!",this is better than i\ncould have imagined!,,Original,IceHikerPeak
line:659ed9,"danke, dass du mir\nhier hoch geholfen hast!",thanks for helping\nme get up here!,,Original,IceHikerPeak
line:e05a75,kein problem!,it was no problem!,,Player,IceHikerPeak
line:2fdf68,wirklich!,really!,,Player,IceHikerPeak
line:965bbf,also,so,,Original,IceHikerPeak
line:f88105,willst du immer noch das foto?,you still want that photo?,,Original,IceHikerPeak
line:51be04,oh ja!,oh yeah!,,Player,IceHikerPeak
line:ab63a4,machen wir's!,let's do it!,,Player,IceHikerPeak
line:f81d39,ok!,ok!,,Original,IceHikerPeak
line:c9ca0e,warte kurz,hold on,,Original,IceHikerPeak
line:ee0b4c,dieses licht ist so unglaublich,these lights are so incredible,"If you help the Fox, but you never talked to them about their photography.",Original,IceHikerPeak
line:91fab1,"ich hoff, es kommt gut auf film rüber!",i hope they turn out on film!,,Original,IceHikerPeak
line:7e7e8b,ich hab diese schicke kamera\nden ganzen weg hier hoch geschleppt...,i lugged this fancy camera\nall the way up here...,,Original,IceHikerPeak
line:180c91,das sollte sich besser lohnen!,it better be worth it!,,Original,IceHikerPeak
line:2819d6,na ja,well,,Player,IceHikerPeak
line:c30b92,die kamera von meinem handy ist mies,the camera on my phone sucks,,Player,IceHikerPeak
line:304fe1,also ist sie zumindest\nbesser als das!,so at least it's\nbetter than that!,,Player,IceHikerPeak
line:79d7df,hmm,hmm,,Original,IceHikerPeak
line:3f6943,soll ich ein foto von dir machen?,want me to take your photo?,,Original,IceHikerPeak
line:1af565,das würde ein\ntolles profilbild abgeben!,this would make a\nsweet profile pic!,,Original,IceHikerPeak
line:33d668,ohh ja!,aww yeah!,,Player,IceHikerPeak
line:a239ed,das wär toll!,that'd be great!,,Player,IceHikerPeak
line:f3adb3,ok!,ok!,,Original,IceHikerPeak
line:71f153,warte kurz,hold on,,Original,IceHikerPeak
line:539664,wirf dich in pose!,strike a pose!,,Original,IceHikerPeak
line:a88296,oh,oh,,Player,IceHikerPeak
line:8de5f5,ähhhh,uhhhhh,Claire does a silly pose.,Player,IceHikerPeak
line:984bc7,fantastisch,amazing,"The Fox says ""amazing""",Original,IceHikerPeak
line:721709,die nordlichter sind\nsuper geworden!,the northern lights\nturned out great!,,Original,IceHikerPeak
line:37af80,was für ein schönes foto!,what a nice photo!,,Original,IceHikerPeak
line:f6a25c,"oh, bevor ich's vergesse","oh, before i forget",,Original,IceHikerPeak
line:c5c1c0,"hier sind die federn,\ndie du mir geliehen hast",here's the feathers\nyou lent me,,Original,IceHikerPeak
line:364e7b,danke!,thanks!,,Player,IceHikerPeak
line:caf3e6,schick mir das foto\nunbedingt per mail!,make sure you email\nme that photo!,,Player,IceHikerPeak
line:72292f,mach ich!,i will!,,Original,IceHikerPeak
line:13e9cc,ich chill hier noch ne weile,i'm gonna chill here for a while,If you talk to them again.,Original,IceHikerPeak
line:60922e,"ich weiß nicht, wann\nich zurückkomm, also...",i don't know when\ni'll be back so...,,Original,IceHikerPeak
line:186271,"ich will das alles genießen,\nsolang ich kann",i wanna soak it all\nup while i can,,Original,IceHikerPeak
line:f2bc5c,"schon glück gehabt, nach oben zu kommen?",any luck getting to the top?,"If you talk to the Fox, while they're still stuck on the ledge, but before you've helped them up.",Original,IceHikerAfterPeak
line:9ffea6,ja!,yeah!,,Player,IceHikerAfterPeak
line:d627dd,ich war grad oben,i was just up there,,Player,IceHikerAfterPeak
line:9976f6,!!,!!,,Original,IceHikerAfterPeak
line:36ff13,kannst du mir den weg zeigen?,can you show me the route?,,Original,IceHikerAfterPeak
line:d2cc9f,na ja,well,,Player,IceHikerAfterPeak
line:344d1f,du musst irgendwie...,you kinda need to...,,Player,IceHikerAfterPeak
line:222478,...fliegen können,...be able to fly,,Player,IceHikerAfterPeak
line:1c8362,oh,oh,,Original,IceHikerAfterPeak
line:d18179,stimmt...,right...,,Original,IceHikerAfterPeak
line:b6432e,vielleicht könntest du hochklettern?,maybe you could climb up?,,Player,IceHikerAfterPeak
line:a104e8,ich hab nicht genug\ngoldene federn...,i don't have enough\ngolden feathers...,,Original,IceHikerAfterPeak
line:090445,ich könnte dir welche leihen!,i could lend you some!,,Player,IceHikerAfterPeak
line:87753f,würdest du?,you would?,,Original,IceHikerAfterPeak
line:0d4008,klaro!,tots!,,Player,IceHikerAfterPeak
line:e99d91,wie viele brauchst du?,how many do you need?,,Player,IceHikerAfterPeak
line:e3d84f,ähh,uhh,,Original,IceHikerAfterPeak
line:b55406,es ist irgendwie peinlich,it's kinda embarrassing,,Original,IceHikerAfterPeak
line:71f125,aber ich bräuchte ganz schön viele,but i'd need a lot,,Original,IceHikerAfterPeak
line:6e6921,"so, 6","like, 6",,Original,IceHikerAfterPeak
line:dc4904,"oh, sorry","oh, sorry",Dialogue choice.,Player,IceHikerAfterPeak
line:edd929,ich kann dir 6 federn leihen!,i can lend you 6 feathers!,Dialogue choice.,Player,IceHikerAfterPeak
line:6a9b10,mach dir keine sorgen!,don't worry about it!,"If you say ""oh sorry""",Original,IceHikerAfterPeak
line:b9723d,"ich weiß, das ist viel verlangt",i know it's a lot to ask,,Original,IceHikerAfterPeak
line:394c9b,oh,oh,if you dont have enough feathers to lend them,Original,IceHikerAfterPeak
line:c06db8,sorry...,sorry...,,Original,IceHikerAfterPeak
line:d327b1,"ich hab nicht genug, um dir zu helfen",i don't have enough to help you,,Original,IceHikerAfterPeak
line:28498c,"wirklich,","really,",,Original,IceHikerAfterPeak
line:5bac36,mach dir keine sorgen!,don't worry about it!,,Original,IceHikerAfterPeak
line:b38aa4,ich bin so nah dran und doch so weit weg!,i'm so close yet so far!,,Original,IceHikerAfterPeak
line:a5e361,ich kann dir 6 federn leihen!,i can lend you 6 feathers!,Dialogue choice.,Player,IceHikerAfterPeak
line:143009,viel glück!,good luck!,Dialogue choice.,Player,IceHikerAfterPeak
line:627963,danke!,thanks!,If you say good luck.,Original,IceHikerAfterPeak
line:17ed6f,ich werd schon was hinkriegen,i'll figure something out,,Original,IceHikerAfterPeak
line:871b82,wirklich!?,really!?,If you lend the fox feathers.,Original,IceHikerLend
line:9f6a9c,klar doch!,of course!,,Player,IceHikerLend
line:44cd87,"du bist fantastisch, Claire!","you're amazing, claire!",,Original,IceHikerLend
line:9a5f71,man sieht sich da oben!,i'll see you up there!,,Original,IceHikerLend
line:6b3ad9,aber,but,If you don't have a ton of feathers.,Original,IceHikerLend
line:20e114,du würdest mir mehr\nals die hälfte deiner federn geben!,you'd be giving me more\nthan half of your feathers!,,Original,IceHikerLend
line:3da434,das will ich dir nicht antun,i don't wanna do that to you,,Original,IceHikerLend
line:3171ec,uff,oof,When you beat Avery and she awards you a medal.,Original,WinMedal
line:8bff33,warte kurz,hold on,,Original,WinMedal
line:bc647b,ich muss...,i gotta...,,Original,WinMedal
line:e20898,...erstmal luft holen,...catch my breath,,Original,WinMedal
line:d11220,okay!,okay!,,Original,WinMedal
line:2eab3b,*räusper*,*ahem*,,Original,WinMedal
line:6f2d1c,Claire,claire,,Original,WinMedal
line:b881b8,du hast mich geschlagen!,you got me beat!,,Original,WinMedal
line:4cb0e9,"ich glaub, das schulde ich dir",i think i owe you this,,Original,WinMedal
line:e71b96,woah!,woah!,,Player,WinMedal
line:bcd529,wo hast du das her?,where'd ya get this?,,Player,WinMedal
line:a1f8a6,ich hab so meine mittel und wege!,i have my ways!,,Original,WinMedal
line:f2290d,"...naja, egal",...anyway,,Original,WinMedal
line:3c196d,"nächstes mal, wenn wir rennen,","next time we race,",,Original,WinMedal
line:04e333,"setz ich auf jeden fall ein,\nwas ich von dir gelernt hab!",i'll be sure to use what\ni learned from you!,,Original,WinMedal
line:356395,Claire!,claire!,If you do it again.,Original,WinMedal
line:1cb5a0,du bist ein RENNTEUFEL,you are a SPEED DEMON,,Original,WinMedal
line:602a5b,"und weißt du, was rennteufel bekommen?",and you know what speed demons get?,,Original,WinMedal
line:76915b,ähhhh?,uhhhhhh?,,Player,WinMedal
line:ffa4ed,sie bekommen PREISE!!,they get AWARDS!!,,Original,WinMedal
line:0c0393,"denk nicht, ich bin schon fertig!",don't think i'm done yet!,,Original,WinMedal
line:c67842,"ich werd immer noch besser, also","i'm still improving, so",,Original,WinMedal
line:68f8be,nächstes mal krieg ich dich!,i'll get you next time!,,Original,WinMedal
line:2b9e18,das war ein ganz schön intensives rennen,that was one intense race,If you do it again.,Original,WinMedal
line:a21325,nunja,welp,,Original,WinMedal
line:3e8b84,ich geb dir das wohl besser,i'd better hand this over,,Original,WinMedal
line:f116d6,"das sind alle medaillen, die ich hab",that's all the medals i got,,Original,WinMedal
line:0059bd,"aber falls du je eine revanche willst,","but if you ever want a rematch,",,Original,WinMedal
line:6dd56b,nächstes mal mach ich's besser!,i'll do better next time!,,Original,WinMedal
line:a4d00a,da steht,it says,When you look at the medal in the inventory.,Original,InspectMedalStart
line:4978dd,"""offiziell besser als Avery""","""certified better than Avery""",,Original,InspectMedalStart
line:4a192d,hä?,huh?,,Original,InspectMedalStart
line:511011,"sieht aus, als wär's...",it looks like...,,Original,InspectMedalStart
line:30c4ec,"...einfach nur eine goldmünze,\ndie an ein band geklebt ist?",...it's just a gold coin glued a ribbon?,,Original,InspectMedalStart
line:aad717,"es ist eine goldmünze,\ndie an ein band geklebt ist",it's a gold coin glued to a ribbon,If you look at it again.,Original,InspectMedalStart
line:61d9f6,die münze rausholen,extract the coin,Dialogue choice.,Player,InspectMedalStart
line:ae3694,so lassen,leave it be,Dialogue choice.,Player,InspectMedalStart
line:d769a4,ich fühl mich deswegen ein bisschen schlecht...,i feel a little bad about this...,,Original,ExtractCoin
line:683a7a,aber,but,,Original,ExtractCoin
line:91c27d,ach was,eh,,Original,ExtractCoin
line:63fa94,ähh,uhh,,Original,NotExtractCoin
line:6fc7d3,...,...,,Original,NotExtractCoin
line:0efb4c,"vielleicht sollt ich das nicht machen,\nwo sie mich sehen können",maybe i shouldn't do this\nwhere they can see me,"If you're too close to Avery, claire feels bad about ripping the medal.",Original,NotExtractCoin
line:cc6f0d,ich bin zu nah dran!,i'm too close!,,Original,NotExtractCoin
line:e90e37,ich will ihre gefühle\nnicht verletzen...,i don't wanna hurt\ntheir feelings...,,Original,NotExtractCoin
line:723763,*seufz*,*sigh*,,Original,DeerStart
line:705056,ich hab grad die letzte\nstunde müll aufgesammelt...,i just spent the past\nhour picking up garbage...,,Original,DeerStart
line:dbd401,"sieht aus, als hätte hier jemand\neine party gefeiert und die\nhälfte davon liegen lassen!",it looks like someone threw\na party here and left\nhalf of it behind!,,Original,DeerStart
line:82384f,was!?,what!?,,Player,DeerStart
line:6a0706,das ist NICHT cool,that's NOT cool,,Player,DeerStart
line:2817e6,oder!?,right!?,,Original,DeerStart
line:3a3516,ugh,ugh,,Original,DeerStart
line:f4a97e,ich könnt dir mit dem rest helfen!,i could help you with the rest!,,Player,DeerStart
line:213c26,"sieht aus, als hättest du\nschon das meiste geschafft!",it looks like you've\nalready done most of it!,,Player,DeerStart
line:31a0a1,wirklich?,really?,,Original,DeerStart
line:6af9aa,das wäre fantastisch,that would be fantastic,,Original,DeerStart
line:230675,danke dir!,thank you!,,Original,DeerStart
line:90c663,"ich glaub, ich hab alles!",i think i got it all!,If you got it all,Player,DeerStart
line:3ff573,sieht aus wie alles!,that looks like everything!,,Original,DeerStart
line:92869c,das ist SO viel besser!,this is SO much better!,,Original,DeerStart
line:3d9464,danke für deine hilfe!,thanks for your help!,,Original,DeerStart
line:6ed35f,kein problem!,no problem!,,Player,DeerStart
line:4aac4d,ist das schon alles?,is this all of it?,If you talk to them again without all the trash.,Player,DeerStart
line:a7e0df,"ich glaub, da ist noch\nn bisschen mehr",i think there's a little more,,Original,DeerStart
line:9da2b9,"die haben echt ein chaos hinterlassen, was?",they really left behind a mess huh?,,Player,DeerStart
line:72bbfc,ja...,yeah...,,Original,DeerStart
line:50e895,"kannst du glauben,\nwelche frechheit manche leute haben?",can you believe the\nnerve of some people?,If you talk to them again,Original,DeerStart
line:c16420,ich mag deinen sonnenhut!,i like your sunhat!,If you talk to the deer AFTER picking up the trash.,Player,Deer2
line:914256,danke!,thank you!,,Original,Deer2
line:a3093d,ich hab ihn selbst gemacht,i made it myself,,Original,Deer2
line:872d01,wirklich?!,really?!,,Player,Deer2
line:454bfc,"das ist ja, wie, krass!","that's, like, intense!",,Player,Deer2
line:f7efe0,"ich wusste nicht, dass man\neinfach so... n hut MACHEN kann!",i didn't know you could\njust like... MAKE a hat!,,Player,Deer2
line:e4cedd,"jep, stimmt",yup it's true,,Original,Deer2
line:9baa58,aber es dauert ne weile,but it takes a while,,Original,Deer2
line:9c3bbf,ich mach grad n haufen\nfür den kommenden bastelmarkt,i'm making a bunch for\nthe upcoming craft fair,,Original,Deer2
line:b77cf6,"falls du interesse hast,","if you're interested,",,Original,Deer2
line:9c89b0,könnt ich dir jetzt einen verkaufen!,i could sell you one now!,,Original,Deer2
line:428fe0,oh ja!?,oh yeah!?,,Player,Deer2
line:2fdbc2,was kosten die?,how much are they?,,Player,Deer2
line:ce3b2e,hmm,hmm,,Original,Deer2
line:1542d4,preise festzulegen ist schwer...,pricing things is hard...,,Original,Deer2
line:7e216d,wie klingen 100 münzen?,how does 100 coins sound?,,Original,Deer2
line:03ce64,klingt gut für mich!,sounds good to me!,Dialogue choice.,Player,Deer2
line:7cb823,ich würd mehr zahlen!,i'd pay more!,Dialogue choice.,Player,Deer2
line:0f43c6,super!,great!,,Original,Deer2
line:556fae,"ich glaub, das ist ein fairer preis!",i think it's a fair price!,Jump to DeerHatSell.,Original,Deer2
line:2fd3ea,ich mag den hut WIRKLICH!,i REALLY like the hat!,If you say you'll pay more.,Original,Deer2
line:ff244b,"man merkt, da steckt\nviel liebe drin!",you can tell a lot\nof love went into it!,,Original,Deer2
line:3fdd6d,die fabrikgefertigten ranger-\nhüte kosten 100 münzen...,the manufactured ranger\nhats cost 100 coins...,,Original,Deer2
line:3ed380,"...aber man sieht,\ndeiner ist handgemacht!",...but you can tell\nyours is handcrafted!,,Original,Deer2
line:1d7030,ich will dich nicht\nunter wert verkaufen,i wouldn't want to\nsell you short,,Original,Deer2
line:977430,ah,aw,,Original,Deer2
line:d5b3de,danke!,thank you!,,Original,Deer2
line:542e18,"glaubst du, ich könnte\n125 münzen verlangen?",do you think i could\ncharge 125 coins?,,Original,Deer2
line:f52735,"ja, locker!","yeah, easily!",,Player,Deer2
line:251b86,hallo!,hello!,If you talk to them again.,Player,Deer2
line:671a6c,was hat der sonnenhut nochmal gekostet?,"how much was the sunhat, again?",,Player,Deer2
line:2ecc54,{{$SunhatPrice}} münzen!,{{$SunhatPrice}} coins!,,Original,Deer2
line:76523b,ich nehm einen hut!,i'll take a hat!,Dialogue choice.,Player,DeerHatSell
line:214ecd,man sieht sich!,see ya later!,Dialogue choice.,Player,DeerHatSell
line:aeec36,bis zum nächsten mal!,till next time!,If you decline.,Original,DeerHatSell
line:4a91ab,super!,great!,,Original,BuyDeerHat
line:df2f12,willst du die\nbandfarbe aussuchen?,do you want to choose\nthe ribbon color?,"Only if you paid extra for the hat, you can pick the color.",Original,BuyDeerHat
line:e2da05,ich änder sie gern\nfür dich!,i don't mind changing\nit for you!,,Original,BuyDeerHat
line:e2cbea,oh! hmm,oh! hmm,,Player,BuyDeerHat
line:424536,hast du...,do you have...,,Player,BuyDeerHat
line:0fdaa0,pink?,pink?,Dialogue choice.,Player,BuyDeerHat
line:8591ce,rot?,red?,Dialogue choice.,Player,BuyDeerHat
line:9564e2,blau?,blue?,Dialogue choice.,Player,BuyDeerHat
line:b37cb3,lila?,purple?,Dialogue choice.,Player,BuyDeerHat
line:867cc4,jep!,yup!,,Original,BuyDeerHat
line:4e3683,bitte sehr!,here you go!,,Original,BuyDeerHat
line:1019b1,vielen dank!!,thanks so much!!,,Original,BuyDeerHat
line:c44b6e,"ich freu mich total, dass er dir gefällt!",i'm so happy you like it!,,Original,BuyDeerHat
line:285190,danke DIR,thank YOU,,Player,BuyDeerHat
line:f0b1f1,er ist so hübsch!,it's so pretty!,,Player,BuyDeerHat
line:46dde8,ich liebe ihn!,i love it!,,Player,BuyDeerHat
line:2b28bb,danke!,thanks!,,Player,BuyDeerHat
line:8e5ef2,du bist meine erste kundin!,you're my first customer!,If you pay the normal amount for the hat.,Player,BuyDeerHat
line:1d4c4d,die erste von vielen!,the first of many!,,Player,BuyDeerHat
line:2114aa,das ist ein toller hut!,it's a great hat!,,Player,BuyDeerHat
line:c23fd5,"oh, ähm","oh, um",,Original,BuyDeerHat
line:5164e8,"ich glaub, dir fehlen\nn paar münzen",i think you're short\nby a few coins,If you don't have enough money.,Original,BuyDeerHat
line:6435bc,ups,oops,,Player,BuyDeerHat
line:69bcd0,ich komm wohl später nochmal!,i'll be back i guess!,,Player,BuyDeerHat
line:add7cb,"also, wie gefällt dir die farbe?",so how do you like the color?,,Original,Deer3
line:223c02,sie ist schön!,it's nice!,Dialogue choice.,Player,Deer3
line:90a0c4,kann ich eine andere probieren?,can i try a different one?,Dialogue choice.,Player,Deer3
line:a68323,cool,cool,,Original,Deer3
line:772039,klar!,sure!,,Original,Deer3
line:506289,an was denkst du?,whatcha thinking?,,Original,Deer3
line:6dbd5b,pink,pink,Dialogue choice.,Player,Deer3
line:cc3da5,rot,red,Dialogue choice.,Player,Deer3
line:0e8cf4,blau,blue,Dialogue choice.,Player,Deer3
line:1f4ef8,lila,purple,Dialogue choice.,Player,Deer3
line:cab128,der klassiker,the classic,,Original,Deer3
line:9ef25b,mach ich,on it,,Original,Deer3
line:20f45f,total,totally,,Original,Deer3
line:99ec38,kein problem!,no problem!,,Original,Deer3
line:ccfe90,"das ist einer meiner lieblingsorte,\num abzuschalten",this is one of my favourite\nspots to come unwind,,Original,Deer3
line:45950e,"es ist entspannend, hier einfach\nzu sitzen und an meinen hüten zu arbeiten!",it's relaxing just to sit\nhere and work on my hats!,,Original,Deer3
line:aa421c,hmm...,hmm...,If you fall into the water during the tutorial.,Original,FishTutWaterStart
line:69bf68,interessante technik,interesting technique,,Original,FishTutWaterStart
line:8c60b9,das war reiner zufall!!,this was just an accident!!,,Player,FishTutWaterStart
line:b856bc,schon ok,that's all right,,Original,FishTutWaterStart
line:cf39ad,versuch's einfach nochmal,just give it another shot,,Original,FishTutWaterStart
line:875a7f,und denk dran...,and remember...,,Original,FishTutWaterStart
line:11686f,"sobald du den fisch am haken hast,","once you've hooked the fish,",,Original,FishTutWaterStart
line:2bdc88,"<color=red>zieh ihn mit <sprite name=""LStick"" tint=1> zu dir</color>\nUND <color=red>tippe {{UseItemButton}}</color>, um ihn einzuholen!",<color=red>pull back</color> AND <color=red>tap {{UseItemButton}}</color> to reel it in!,,Original,FishTutWaterStart
IBait,Köder,Bait,Item name singular.,,
ISBait,Köder,Bait,Item name plural.,,
IDBait,"Befestige Köder an deiner
Angel, um mehr Fische anzulocken.","Attach bait to your rod
to attract more fish.",Item description.,,
IBucket,Eimer,Bucket,Item name singular.,,
ISBucket,Eimer,Buckets,Item name plural.,,
IDBucket,"Ein perfekter Eimer für Flüssigkeiten.
Drücke <color=red>{{UseItemButton}}</color> zum Schöpfen oder Gießen.","A perfect bucket for holding liquids.
Press <color=red>{{UseItemButton}}</color> to scoop or pour.",Item description.,,
ICampingPermit,Camping-Genehmigung,Camping Permit,Item name singular.,,
ISCampingPermit,Camping-Genehmigungen,Camping Permits,Item name plural.,,
IDCampingPermit,"Damit darfst du im Park übernachten.
Darauf steht: ""IMMER GRIFFBEREIT HALTEN!""","It allows you to camp overnight at the park.
It says ""KEEP ON HAND AT ALL TIMES!""",Item description.,,
ICellphone,Handy,Cellphone,Item name singular.,,
ISCellphone,Handys,Cellphones,Item name plural.,,
IDCellphone,"Ohne Empfang total nutzlos.
Nicht mal die Spiele laufen offline.","It's useless without reception.
Not even the games work offline.",Item description.,,
ICoin,Münze,Coin,Item name singular.,,
ISCoin,Münzen,Coins,Item name plural.,,
IDCoin,"Das ist Geld!
Gut zum Einkaufen und für ein sicheres Gefühl.","It's money!
Great for buying stuff and feeling secure.",Item description.,,
ICompass,Kompass,Compass,Item name singular.,,
ISCompass,Kompasse,Compasses,Item name plural.,,
IDCompass,"Zeigt dir, wo Norden ist.
Zum Ein-/Ausschalten auswählen.","Tells you which way is north.
Select to toggle on or off.",Item description.,,
IFish,Fisch,Fish,Item name singular.,,
ISFish,Fische,Fish,Item name plural.,,
IDFish,"Selbst gefangen!
Und jetzt, was mach ich damit?","I caught 'em myself!
Now what do I do with them?",Item description.,,
IFishEncyclopedia,Fischtagebuch,Fish Journal,Item name singular.,,
ISFishEncyclopedia,Fischtagebücher,Fish Journals,Item name plural.,,
IDFishEncyclopedia,"Ein Tagebuch der Fische, die ich
gefangen habe und noch fangen will.","A journal of the fish I have
caught and have yet to catch.",Item description.,,
IFishingRod,Angelrute,Fishing Rod,Item name singular.,,
ISFishingRod,Angelruten,Fishing Rods,Item name plural.,,
IDFishingRod,"Drücke <color=red>{{UseItemButton}}</color> zum Auswerfen. Wenn der Schwimmer
untergeht, drücke <color=red>{{UseItemButton}}</color>, um ihn rauszuziehen!","Press <color=red>{{UseItemButton}}</color> to cast. When the bobber is pulled
underwater, press <color=red>{{UseItemButton}}</color> to pull it out!",Item description.,,
IGoldenFeather,Goldene Feder,Golden Feather,Item name singular.,,
ISGoldenFeather,Goldene Federn,Golden Feathers,Item name plural.,,
IDGoldenFeather,"Drücke <color=red>{{JumpButton}}</color> in der Luft, um zu springen.
Halte <color=red>{{JumpButton}}</color> an einer Wand, um zu klettern.","Press <color=red>{{JumpButton}}</color> when in midair to jump.
Hold <color=red>{{JumpButton}}</color> when facing a wall to climb.",Item description.,,
IGoldenFishingRod,Goldrute,Golden Rod,Item name singular.,,
ISGoldenFishingRod,Goldruten,Golden Rods,Item name plural.,,
IDGoldenFishingRod,"Eine Angelrute, die offenbar aus Gold ist.
Seltene Fische scheinen davon magisch angezogen.","A fishing rod that's apparently made of gold.
Rare fish seem to be strangely drawn to it.",Item description.,,
IHeadband,Stirnband,Headband,Item name singular.,,
ISHeadband,Stirnbänder,Headbands,Item name plural.,,
IDHeadband,"Das Stirnband der Schildkröte.
Sieht sportlich aus.","It's the turtle's headband.
Looks sporty.",Item description.,,
IHighRes,Handy,Cellphone,Item name singular.,,
ISHighRes,Handys,Cellphones,Item name plural.,,
IDHighRes,"Ohne Empfang total nutzlos.
Nicht mal die Spiele laufen offline.","It's useless without reception.
Not even the games work offline.",Item description.,,
IKidHat,Baseballkappe,Baseball Cap,Item name singular.,,
ISKidHat,Baseballkappen,Baseball Caps,Item name plural.,,
IDKidHat,"Erinnerung an den Tag, an dem ich
30 Punkte beim Beachstickball erzielt hab.","To commemorate that time I
got 30 points in Beachstickball.",Item description.,,
IMedal,Medaille,Medal,Item name singular.,,
ISMedal,Medaillen,Medals,Item name plural.,,
IDMedal,"Eine ziemlich selbstgebastelt wirkende Medaille.
Verliehen für den Sieg bei einem harten Parkour-Rennen.","An extremely homemade looking medal.
Awarded for winning an intense parkour race.",Item description.,,
IParkHat,Provinzpark-Hut,Provincial Park Hat,Item name singular.,,
ISParkHat,Provinzpark-Hüte,Provincial Park Hats,Item name plural.,,
IDParkHat,"Stylisch und praktisch!
Darauf steht: ""Unterstützt unsere Provinzparks!""","Stylish and practical!
It says ""Support Our Provincial Parks!"" on it.",Item description.,,
IPickaxe,Spitzhacke,Pickaxe,Item name singular.,,
ISPickaxe,Spitzhacken,Pickaxes,Item name plural.,,
IDPickaxe,"Eine robuste Spitzhacke.
Damit lässt sich vielleicht was zerschlagen.","A sturdy pickaxe.
It might be able to break things.",Item description.,,
IRunningShoes,Laufschuhe,Running Shoes,Item name singular.,,
ISRunningShoes,Paare Laufschuhe,Pairs of Running Shoes,Item name plural.,,
IDRunningShoes,"Entfessle deine innere Geschwindigkeit!
Halte <color=red>{{RunButton}}</color> zum Rennen.","Unleash your inner speed!
Hold <color=red>{{RunButton}}</color> to run.",Item description.,,
IShell,Muschel,Shell,Item name singular.,,
ISShell,Muscheln,Shells,Item name plural.,,
IDShell,"Glitzert schön in der Sonne,
ist aber ansonsten ziemlich langweilig.","It sparkles in the sun,
but is otherwise pretty boring.",Item description.,,
IShellNecklace,Muschelkette,Shell Necklace,Item name singular.,,
ISShellNecklace,Muschelketten,Shell Necklaces,Item name plural.,,
IDShellNecklace,"Eine hübsche Muschelkette. Die soll ich
bei Tante May abliefern.","It's a pretty shell necklace. I'm
supposed to deliver this to Aunt May.",Item description.,,
IShovel,Schaufel,Shovel,Item name singular.,,
ISShovel,Schaufeln,Shovels,Item name plural.,,
IDShovel,"Was liegt wohl darunter begraben?
Drücke <color=red>{{UseItemButton}}</color> zum Graben!","What's buried beneath?
Press <color=red>{{UseItemButton}}</color> to dig!",Item description.,,
ISilverFeather,Silberne Feder,Silver Feather,Item name singular.,,
ISSilverFeather,Silberne Federn,Silver Feathers,Item name plural.,,
IDSilverFeather,"Sie ist weich und leichter als Luft.
Damit klettert man schneller und fliegt höher!","It's soft and lighter than air.
You can climb faster and fly higher!",Item description.,,
IStick,Stock,Stick,Item name singular.,,
ISStick,Stöcke,Sticks,Item name plural.,,
IDStick,"Ein hölzerner Stock.
Keine Ahnung, wieso ich den mitgenommen hab.","A wooden stick.
Not sure why I picked this up.",Item description.,,
ISunhat,Sonnenhut,Sunhat,Item name singular.,,
ISSunhat,Sonnenhüte,Sunhats,Item name plural.,,
IDSunhat,"Ein großer, schlabberiger Sonnenhut. Schützt vor
der Hitze und sieht dabei richtig stylisch aus.","A big floppy sunhat. It protects against the
heat and is stylish like you wouldn't believe.",Item description.,,
IToast,Toast,Toast,Item name singular.,,
ISToast,Toasts,Toasts,Item name plural.,,
IDToast,"Ja, Toast!
Sogar leicht gebuttert.","Yeah, toast!
It's even lightly buttered.",Item description.,,
IToyShovel,Spielzeugschaufel,Toy Shovel,Item name singular.,,
ISToyShovel,Spielzeugschaufeln,Toy Shovels,Item name plural.,,
IDToyShovel,"Eine süße kleine Spielzeugschaufel!
Zu klein, um mir nützlich zu sein.","A cute little toy shovel!
It's too small to be useful to me.",Item description.,,
ITrash,Stück Müll,Piece of Trash,Item name singular.,,
ISTrash,Stücke Müll,Pieces of Trash,Item name plural.,,
IDTrash,"Ein Stück Müll, achtlos zurückgelassen...",A piece of garbage carelessly left behind...,Item description.,,
ITreasureMap,Schatzkarte,Treasure Map,Item name singular.,,
ISTreasureMap,Schatzkarten,Treasure Maps,Item name plural.,,
IDTreasureMap,"Eigentlich weniger eine Karte,
mehr ein Haufen Rätsel...","It's less of a map and more of
a bunch of riddles...",Item description.,,
IWalkieTalkie,Walkie-Talkie,Walkie Talkie,Item name singular.,,
ISWalkieTalkie,Walkie-Talkies,Walkie Talkies,Item name plural.,,
IDWalkieTalkie,"Eine uralte Vorstufe des Handys.
Damit kannst du Avery erreichen!","An ancient incarnation of the cellphone.
Use this to contact Avery!",Item description.,,
IWatch,Armbanduhr,Wristwatch,Item name singular.,,
ISWatch,Armbanduhren,Wristwatches,Item name plural.,,
IDWatch,"Sie hat eine digitale und analoge Anzeige,
und hinten steht eine Telefonnummer drauf.","It's got a digital and analog display, and
has a phone number written on the back.",Item description.,,
FBluegillFish,Blauer Sonnenbarsch,Bluegill,Fish name.,,
FIBluegillFish,"Fast hätte ich mal einen in der kleinen
Bucht am Südende der Insel gefangen.","I almost caught one of these
in the little bay on the south
end of the island.","Hint to where the fish is located, written by the fisherman.",,
FBrookTroutFish,Bachforelle,Brook Trout,,,
FIBrookTroutFish,Oft in dunkelblauen oder kalten Gewässern zu sehen.,Often seen in deep blue or cold waters.,,,
FBurbotFish,Quappe,Burbot,,,
FIBurbotFish,"Sie werden nie sesshaft und leben am liebsten
in den reißenden Stromschnellen.","They never settle down and prefer
to live within the rushing rapids.",,,
FCarpFish,Karpfen,Common Carp,,,
FICarpFish,Sie bevorzugen ruhige Flüsse oder tiefblaue Riffe.,They prefer calm rivers or deep blue reefs.,,,
FCatfishFish,Wels,Catfish,,,
FICatfishFish,Leben nur in fließendem Wasser.,Only live in moving waters.,,,
FChinookSalmonFish,Lachs,Salmon,,,
FIChinookSalmonFish,"Ich hab sie nur unten an
Flusswasserfällen gesehen.","I've only seen them near the
bottom of river waterfalls.",,,
FCrayfishFish,Flusskrebs,Crayfish,,,
FICrayfishFish,"Diese Kleinen leben
in kleinen Gewässern.","These little guys live
in little waters.",,,
FNorthernPikeFish,Hecht,Northern Pike,,,
FINorthernPikeFish,"Bill fängt die ständig.
Er kennt eine gute Stelle dafür.","Bill is always catching these.
He knows a good spot for them.",,,
FPumpkinSeedFish,Kürbiskernbarsch,Pumpkinseed Fish,,,
FIPumpkinSeedFish,"Die hab ich nur in dem kleinen
Teich mit den Seerosen gesehen.","I've only seen them in that
little pond with the lilies.",,,
FRainbowTroutFish,Regenbogenforelle,Rainbow Trout,,,
FIRainbowTroutFish,"Meistens in
tiefblauen Gewässern zu finden.","Usually found in
deep blue waters.",,,
FSpottedBrookTroutFish,Getüpfelte Bachforelle,Spotted Brook Trout,,,
FISpottedBrookTroutFish,"Die seh ich meist in den schattigen
blauen Gewässern, aber sie sind nicht
schwer zu finden.","I usually see 'em in the shady
blue waters, but they're not
hard to find.",,,
FWhiteBassFish,Weißbarsch,White Bass,,,
FIWhiteBassFish,"Ich hab mir beim letzten Mal, als ich sie
gesucht hab, eine Erkältung geholt.","I came down with a cold the last
time I went looking for them.",,,
FWhitePerchFish,Silberbarsch,White Perch,,,
FIWhitePerchFish,"Bevorzugt bekanntlich
ruhige Flusswasser.","Known to prefer
calm river waters.",,,
FYellowPerchFish,Gelbbarsch,Yellow Perch,,,
FIYellowPerchFish,"Meist in krautigen
Gewässern im Meteorsee zu sehen.","Usually seen in weedy
waters in Meteor Lake.",,,
AAllFeathers,Federn für immer,Feathers Forever,Achievement Name,,
ADAllFeathers,Finde jede Feder.,Find every feather.,"Achievement Description
You might have to insert newlines if it doesn't fit into the in-game achievements menu.",,
AAllFish,Die Fische beißen heute,The Fish Are Biting Today,,,
ADAllFish,Handle mit jeder Fischart.,Trade every species of fish.,,,
AAllRaces,Parkour-Meister,Parkour Master,,,
ADAllRaces,Gewinne jedes Parkour-Rennen einmal.,Beat each parkour race once.,,,
AAteToast,Knusprig,Crispy,,,
ADAteToast,Iss ein Stück Toast.,Eat a piece of toast.,,,
ABeachstickballChamp,Diesen Tag nie vergessen,Remember This Day Forever,,,
ADBeachstickballChamp,Hol dir den Erinnerungshut.,Get the commemorative hat.,,,
AFinishedGame,Das Ende,The End,,,
ADFinishedGame,Mach ein schönes langes Nickerchen.,Take a nice long nap.,,,
AReachedSummit,Habichtsgipfel,Hawk Peak,,,
ADReachedSummit,Erreiche den Gipfel des Berges.,Reach the top of the mountain.,,,
ATenFeathers,Federfinder,Feather Finder,,,
ADTenFeathers,Sammle 10 goldene Federn.,Collect 10 golden feathers.,,,
a short hike,a short hike,a short hike,The title of the game.,,
press2start,{{ConfirmButton}} drücken zum start,press {{ConfirmButton}} to start,,,
options,optionen,options,,,
continue,fortsetzen,continue,,,
quit,beenden,quit,,,
new game,neues spiel,new game,,,
SAVE AND QUIT,SPEICHERN UND BEENDEN,SAVE AND QUIT,,,
OPTIONS,OPTIONEN,OPTIONS,,,
CONTINUE,FORTSETZEN,CONTINUE,,,
graphics,grafik,graphics,,,
achievements,erfolge,achievements,,,
credits,credits,credits,,,
headerIsMissing,Die Kopfzeile fehlt oder ist ungültig.,The header row is missing or invalid.,,,
fileReadError,Beim Lesen der Datei ist ein Fehler aufgetreten.,An error occurred while reading the file.,,,
audio,audio,audio,,,
controls,steuerung,controls,,,
languages,sprachen,languages,,,
info,info,info,,,
cheats,cheats,cheats,,,
master,gesamt,master,,,
music,musik,music,,,
soundEffects,soundeffekte,sound effects,,,
ambience,atmosphäre,ambience,,,
borderlessWindowed,randloses fenster,borderless windowed,,,
trueFullscreen,echter vollbildmodus,true fullscreen,,,
windowed,fenstermodus,windowed,,,
pixelSize,pixelgröße,pixel size,,,
imageQuality,bildqualität,image quality,,,
shadows,schatten,shadows,,,
vSync,vsync,vsync,,,
edgeOutlines,kantenlinien,edge outlines,If the outlines around distant objects are shown.,,
colorCorrection,farbkorrektur,color correction,,,
resolution,auflösung,resolution,,,
enabled,aktiviert,enabled,,,
disabled,deaktiviert,disabled,,,
displayFPS,fps anzeigen,display fps,,,
jitterFix,ruckelkorrektur,jitter fix,,,
targetFPS,ziel-fps,target FPS,,,
doubleBuffered,doppelt gepuffert,double buffered,,,
unlimited,unbegrenzt,unlimited,,,
screen,bildschirm,screen,,,
thirdPartyLicenses,lizenzen von drittanbietern,third party licenses,,,
personalMessage,persönliche nachricht,personal message,,,
version,Version,version,,,
buildNumber,build-nummer,build number,,,
speedrunClock,speedrun-uhr,speedrun clock,,,
neverMind,"ach, vergiss es",never mind,,,
letsDoIt,auf geht's,let's do it,,,
personalMessageInfo,"das ist eine PERSÖNLICHE NACHRICHT
nur für DICH!
genau richtig
DICH
jetzt kommt's...
...
...
hab einen schönen tag :)","this is a PERSONAL MESSAGE
just for YOU!
that's right
YOU
here it comes...
...
...
hope you have a nice day :)",This is a silly message hidden in the menu options.,,
testInputBox,"ESC drücken (oder <sprite name=""AButton"" tint=1>+START) zum Beenden","press ESC (or <sprite name=""AButton"" tint=1>+START) to exit",,,
press3times,drück die taste 3-mal,press the button 3 times,,,
open menu,menü öffnen,open menu,,,
jumpButton,"springen <color=#999>(drücken)</color>
gleiten <color=#999>(halten)</color>
flügel schlagen <color=#999>(luft+<color=#F82>feder</color>)</color>
klettern <color=#999>(halten+wand+<color=#F82>feder</color>)</color>","jump <color=#999>(press)</color>
glide <color=#999>(hold)</color>
flap wings <color=#999>(midair+<color=#F82>feather</color>)</color>
climb <color=#999>(hold+face wall+<color=#F82>feather</color>)</color>",Try and make this as consise as possible to fit on screen.,,
itemButton,"item benutzen <color=#999>(item ausgerüstet)</color>
letztes item ausrüsten</color>","use item <color=#999>(item equipped)</color>
equip last used item</color>",,,
runButton,rennen <color=#999>(halten+<color=#F82>feder</color>+<color=#C55>schuhe</color>)</color>,run <color=#999>(hold+<color=#F82>feather</color>+<color=#C55>shoes</color>)</color>,,,
interactButton,interagieren <color=#999>(in der nähe von etwas)</color>,interact <color=#999>(near interactable)</color>,,,
credits1,"erstellt von
<color=#C11>adam robinson-yu</color>
<size=8>
</size>musik von
<color=#C11>mark sparling</color>","created by
<color=#C11>adam robinson-yu</color>
<size=8>
</size>with music by
<color=#C11>mark sparling</color>",,,
credits2,"kunst- und textbeiträge von
<color=#C11>dawn blair</color>
<size=8>
</size>zusätzliche kunst von
<color=#C11>andrew wong</color>
<size=8>
</size>logo-design von
<color=#C11>david czarnowski</color>
<size=8>
</size>pixellari-schrift von
<color=#C11>zacchary dempsey-plante</color>","art and writing contributions by
<color=#C11>dawn blair</color>
<size=8>
</size>additional art by
<color=#C11>andrew wong</color>
<size=8>
</size>logo design by
<color=#C11>david czarnowski</color>
<size=8>
</size>pixellari font by
<color=#C11>zacchary dempsey-plante</color>",,,
credits3,"besonderer dank
<color=#C11>john polson
humble bundle
hand eye society
stugan
laundry bear games</color>
<size=8>
</size>soundeffekte
<color=#C11>freesound.org
chiptone</color>","special thanks
<color=#C11>john polson
humble bundle
hand eye society
stugan
laundry bear games</color>
<size=8>
</size>sound effects
<color=#C11>freesound.org
chiptone</color>",,,
credits4,"playtester
<color=#C11>emma burkeitt
philip buchanan
tom mead
amy blair
caleb simpson
daphne ippolito
anda wang
christopher smith</color>","playtesters
<color=#C11>emma burkeitt
philip buchanan
tom mead
amy blair
caleb simpson
daphne ippolito
anda wang
christopher smith</color>",,,
created by,erstellt von,created by,,,
music by,musik von,music by,,,
art and writing contributions,kunst- und textbeiträge,art and writing contributions,,,
special thanks,besonderer dank,special thanks,,,
playtesters,playtester,playtesters,,,
pixellari font by,pixellari-schrift von,pixellari font by,,,
made with,gemacht mit,made with,,,
thanks for playing!,danke fürs spielen!,thanks for playing!,,,
additional art,zusätzliche kunst,additional art,,,
sound effects,soundeffekte,sound effects,,,
logo design,logo-design,logo design,,,
open1,ein humble original,a humble original,,,
open2,"<color=#A9A998>von</color>
adam robinson-yu","<color=#A9A998>by</color>
adam robinson-yu",,,
open3,"<color=#A9A998>mit musik von</color>
mark sparling","<color=#A9A998>with music by</color>
mark sparling",,,
foundItemBefore,Gefunden:,You found a,,,
foundItemAfter,,,"Optional text after ""You found a""",,
fishCatchBefore,Gefangen:,you caught a,,,
fishCatchAfter,,,"Optional text after ""You caught a""",,
crustacean,Krebstier,crustacean,,,
fish,Fisch,fish,,,
Albino,Albino,Albino,,,
Actually,Wirklich,Actually,"Used to describe the rare rainbow trout - it's ""Actually"" rainbow colored.",,
Pink,Pink,Pink,,,
Golden,Golden,Golden,,,
rock bottom,im keller,rock bottom,The lowest image quality setting,,
meh,meh,meh,The second lowest quality setting.,,
okay,okay,okay,The middle setting.,,
good,gut,good,Second best setting.,,
perfect,perfekt,perfect,Best setting.,,
custom,custom,custom,,,
openNewWindow,"<sprite name=""Warning"" tint=1> das öffnet ein neues fenster","<sprite name=""Warning"" tint=1> this will open a new window",,,
gamepad,gamepad,gamepad,,,
keyboard,tastatur,keyboard,,,
rebindKeyboard,tastatur neu belegen,rebind keyboard,,,
resetKeyboardBindings,tastenbelegung zurücksetzen,reset keyboard bindings,,,
keyBindingsReset,tastenbelegung wurde zurückgesetzt,key bindings have been reset,,,
advancedController,erweiterte controller-konfiguration,advanced controller configuration,,,
overwriteSaveFile,"<sprite name=""Warning"" tint=1> das überschreibt deine aktuelle datei","<sprite name=""Warning"" tint=1> this will overwrite your current file",,,
continueText,fortsetzen,continue,,,
dontContinue,warte!,hold on!,,,
USE,ITEM BENUTZEN/ZURÜCK,USE ITEM/BACK,,,
JUMP,SPRINGEN/INTERAGIEREN,JUMP/INTERACT,,,
UP,OBEN,UP,,,
DOWN,UNTEN,DOWN,,,
LEFT,LINKS,LEFT,,,
RIGHT,RECHTS,RIGHT,,,
RUN,RENNEN,RUN,,,
MENU,MENÜ,MENU,,,
pressTheKey,drück die <color=red>{0}</color>-taste,press the <color=red>{0}</color> key,,,
youPickedKey,du hast gewählt: <color=red>{0}</color>,you picked: <color=red>{0}</color>,,,
noControllersDetected,Keine Controller erkannt!,No controllers detected!,,,
reenable,wieder aktivieren,re-enable,For re-enabling disabled controllers.,,
unignore,nicht mehr ignoriert,unignored,,,
detectedDevices,erkannte geräte,detected devices,,,
ignoredDevices,ignorierte geräte,ignored devices,,,
disabledDeviceClasses,deaktivierte gerätetypen,disabled device classes,,,
customize,anpassen,customize,Customize controller layout.,,
testInputs,eingaben testen,test inputs,,,
revertCustomizations,anpassungen zurücksetzen,revert customizations,,,
ignore,ignorieren,ignore,,,
disableDeviceClass,gerätetyp deaktivieren,disable device class,Disable an entire class of controllers.,,
changesAfterMenu,"Änderungen wirken sich aus,
sobald dieses menü geschlossen wird.","Changes will take effect
after this menu is closed.",,,
EMPTY,LEER,EMPTY,When a control is not mapped to any button.,,
axis,Achse,Axis,,,
button,Taste,Button,,,
start,Start,Start,,,
quickMenu,Schnellmenü,Quick Menu,Used to describe the extra button that opens the menu.,,
run,Rennen,Run,,,
useItemBack,Item benutzen/Zurück,Use Item/Back,,,
jumpSelect,Springen/Auswählen,Jump/Select,,,
typeButtonAndConfirm,tippe die tastenkürzel ein und drück ENTER,type the button initials and press ENTER,,,
typeName,namen eingeben,type name,,,
selectIcon,symbol auswählen,select icon,,,
unbind,zuordnung löschen,unbind,,,
rename,umbenennen,rename,,,
invert,invertieren,invert,,,
configure,konfigurieren,configure,,,
itemNameHighlight,{0}!,{0}!,"Probably leave this as it is. This is used in the item prompt, where it says ""You found a [cool item]!"" The item name and the ! are highlighted, so if your translation requires text after the !, you might want to change this to just {0}",,
tinyFish,<color=#FFC0CB>Winzig</color>,<color=#FFC0CB>Tiny</color>,,,
bigFish,<color=yellow>Groß</color>,<color=yellow>Big</color>,,,
minimum,Minimum,minimum,The smallest pixel option.,,
pixelsBig,groß und knusprig,big and crunchy,Biggest pixel size.,,
pixelsMedium,medium,medium rare,and so on...,,
pixelsSmall,klein und fein,small and tasty,,,
pixelsTiny,winzig und scharf,tiny and sharp,,,
pixelsMicro,mikroskopisch,microscopic,Smallest pixel size.,,
radio avery,Radio Avery,radio avery,,,
read,lesen,read,,,
check,ansehen,check,,,
eat,essen,eat,,,
inspect,untersuchen,inspect,,,
seeNotes,notizen ansehen,see notes,,,
viewRecords,rekorde ansehen,view records,,,
hide,verstecken,hide,,,
show,anzeigen,show,,,
keepNotBait,weiter ohne köder,keep not using bait,,,
startBait,köder benutzen,start using bait,,,
keepBait,weiter mit köder,keep using bait,,,
stopBait,köder nicht mehr benutzen,stop using bait,,,
seeCollection,sammlung ansehen,see collection,,,
release,freilassen,release,,,
takeOff,ausziehen,take off,,,
wear,anziehen,wear,,,
equip,ausrüsten,equip,"Equip an item,",,
drop,fallen lassen,drop,,,
stash,verstauen,stash,Put away an item.,,
blocked,der weg ist versperrt,the way forward is blocked,Seen when trying to enter a blocked cave. Is meant to be a little mysterious.,,
also,außerdem,also,Replaces {{Transition}} in the above dialogue. This bridges sections of the dynamic Aunt finishing dialogue.',,
ohTransition,OH!,OH!,Another transition.,,
whatElse,was hab ich noch gemacht...,what else did i do...,Another transition.,,
saving,speichern,saving,,,
sellForBait,für {0} köder verkaufen,sell for {0} bait,,,
sellForBaitPlural,für {0} köder verkaufen,sell for {0} bait,,,
sell,verkaufen,sell,,,
move,bewegen,move,In the controls menu - description for move button.,,
Left Stick X,Linker Stick X,Left Stick X,,,
Left Stick Y,Linker Stick Y,Left Stick Y,,,
Right Stick X,Rechter Stick X,Right Stick X,,,
Right Stick Y,Rechter Stick Y,Right Stick Y,,,
DPad Up,DPad Hoch,DPad Up,,,
DPad Down,DPad Runter,Dpad Down,,,
DPad Left,DPad Links,Dpad Left,,,
DPad Right,DPad Rechts,Dpad Right,,,
french translation,französische übersetzung,french translation,,,
spanish translation,spanische übersetzung,spanish translation,,,
store requirements,,"Windows 7 SP1+ (or later)
Intel or AMD Dual Core at 2 GHz or better
Intel Graphics 4400 or better","This isn't actually used in-game, just on Store pages.",,
store description,,"Hike, climb, and soar through the peaceful mountainside landscapes of Hawk Peak Provincial Park. Follow the marked trails or explore the backcountry as you make your way to the summit. Along the way, meet other hikers, discover hidden treasures, and take in the world around you.

[h2]Key Features[/h2]
[list][*]Explore the island any way you like. Choose your own path to follow and see where it leads you. You never know what you might stumble into!
[*]Hike at your own pace ��� there���s no need to rush to the summit! Take your time fishing along the river banks or swimming by the lakeshore.
[*]Collect hidden treasures to reach new heights. Try taking a dive off the mountain peaks to soar above the forests.
[*]Chat with the other hikers you meet along your route. You might be able to help each other out!
[*]Listen to a lush original soundtrack by Mark Sparling that progresses dynamically as you explore the wilderness.[/list]",,,
store short description,,"Hike, climb, and soar through the peaceful mountainside landscapes of Hawk Peak Provincial Park as you make your way to the summit.",200-300 characters,,
credits5,"übersetzungen
<color=#C11>französisch - benoit esmein
spanisch - lisandro johnston</color>","translations
<color=#C11>french - benoit esmein
spanish - lisandro johnston</color>",,,
the end,das ende,the end,Shown just before the credits.,,
inverted,(inv),,Used on the controller configuration screen to indicate an inverted axis - should be short,,
wiggleLeftRight,beweg den stick so weit wie möglich nach links und rechts,,Used to tell the player how to configure their joystick.,,
wiggleUpDown,beweg den stick so weit wie möglich nach oben und unten,,,,
wiggleBackForth,beweg den stick so weit wie möglich hin und her,,,,
fishTitleOrder,{0} {1} {2},,"Defines the order in which fish titles are constructed.

{0} - Is used for the ""Tiny / Big"" adjective
{1} - used for the rare modifier
{2} - Used for the fish name

In english, this would be something like: Tiny Albino Trout",,
dismountPrompt,{{MenuButton}} drücken zum absteigen,press {{MenuButton}} to dismount,,,
line:3e3c75,"ok, ich hab noch eine Regel vergessen",okay i forgot one more rule,,Original,VolleyballGameStart
line:e6c2eb,ok?,ok?,,Player,VolleyballGameStart
line:706732,KEINE BOOTE AUF DEM FELD!,NO BOATS ON COURT!,,Original,VolleyballGameStart
line:2344d5,schaff das Ding hier weg!,get that thing outta here!,,Original,VolleyballGameStart
line:129978,"alles klar, ich hab noch eine Regel vergessen",alright i forgot one more rule,,Original,VolleyballGameMain
line:11199c,ok?,ok?,,Player,VolleyballGameMain
line:c56917,KEINE BOOTE AUF DEM FELD!,NO BOATS ON COURT!,,Original,VolleyballGameMain
line:87ce07,schaff das Ding hier weg!,get that thing outta here!,,Original,VolleyballGameMain
line:a07a76,nun,well,,Player,FishBuyerStart
line:8fa496,ich wollte dich eigentlich\nwas anderes fragen...,i actually wanted to ask\nyou about something else...,,Player,FishBuyerStart
line:d5c01f,{{Transition}},{{Transition}},,Player,AuntDynamic
line:b2a142,ich bin mit 'nem Boot über 'ne Rampe gefahren!!,i drove a boat off a ramp!!,,Player,AuntDynamic
line:eb16f6,du hast WAS?,you WHAT?,,Original,AuntDynamic
line:57cf5f,ich bin mit 'nem Boot über 'ne Rampe gefahren!,i drove a boat off a ramp!,,Player,AuntDynamic
line:a2e608,"ja, aber",yes but,,Original,AuntDynamic
line:4f5037,also,well,,Original,AuntDynamic
line:61048d,das klingt nicht sicher,that doesn't sound safe,,Original,AuntDynamic
line:ec0fb9,war's definitiv nicht!,it definitely wasn't!,,Player,AuntDynamic
line:cbf1c5,CLAIRE!!,CLAIRE!!,,Original,UsedVehicleInRace
line:47b664,meinst du das ERNST!?,are you SERIOUS!?,,Original,UsedVehicleInRace
line:aa5358,ein motorboot in deine\nroute einzubauen...,incorporating a motorboat\ninto your route...,,Original,UsedVehicleInRace
line:8e613b,DAS ist ja wohl ein\nlevel-2-move!,now THAT's a level 2\nplay right there!,,Original,UsedVehicleInRace
line:0aa571,"ha, danke!","ha, thanks!",,Player,UsedVehicleInRace
line:1491a8,"ich hatte angst, das\nzählt vielleicht als schummeln!",i was worried it might\ncount as cheating!,,Player,UsedVehicleInRace
line:a12381,schummeln!?,cheating!?,,Original,UsedVehicleInRace
line:112b26,DARAN hab ich noch\ngar nicht gedacht!,i hadn't even\nthought of THAT!,,Original,UsedVehicleInRace
line:ea9ec6,hmm,hmm,,Original,UsedVehicleInRace
line:40d4b1,ich schau vielleicht besser\nmal ins offizielle parkour-handbuch...,maybe i'd better check the\nofficial parkour handbook...,,Original,UsedVehicleInRace
line:cc39c9,nur für den fall!,just in case!,,Original,UsedVehicleInRace
line:c8f95a,hmmmmmm,hmmmmmm,,Original,UsedVehicleInRace
line:8fffed,aha!,aha!,,Original,UsedVehicleInRace
line:fab3d5,abschnitt 6.4...,section 6.4...,,Original,UsedVehicleInRace
line:e08d40,"""Zur Nutzung Von\nFahrzeugen Bei Parkour-Rennen""","""Regarding The Use Of\nVehicles During Parkour Races""",,Original,UsedVehicleInRace
line:4f6498,...,...,,Original,UsedVehicleInRace
line:179581,hmm,hmm,,Original,UsedVehicleInRace
line:da9a01,ach verdammt,aw darn,,Original,UsedVehicleInRace
line:c34403,"""Der Betrieb motorisierter Fahrzeuge ist\nbei JEDEM regelkonformen\nparkour-rennen verboten...""","""Motorized vehicle operation is\nforbidden during ANY regulation\ncompliant parkour race...""",,Original,UsedVehicleInRace
line:66255b,"""...ausnahmen für e-bikes\nsind möglich, siehe abschnitt 8.3""","""...exceptions for e-bikes can\napply, see section 8.3""",,Original,UsedVehicleInRace
line:387257,nun,well,,Original,UsedVehicleInRace
line:852f84,"klingt so, als wär's am ende\ndoch schummeln!",it sounds like it might\nbe cheating after all!,,Original,UsedVehicleInRace
line:5a580c,sorry!,sorry!,,Original,UsedVehicleInRace
line:69cc47,"nah, mein fehler!","nah, my bad!",,Player,UsedVehicleInRace
line:55d6ed,"wenn's nach mir ginge,\nwär das motorboot erlaubt!","if it was up to me,\ni'd allow the motorboat!",,Original,UsedVehicleInRace
line:2b40d2,aber wir müssen die vorschriften einhalten!,but we gotta follow regulation!,,Original,UsedVehicleInRace
line:34e175,uups!,oops!,,Player,UsedVehicleInRace
line:15deec,hab ich vergessen,i forgot,,Player,UsedVehicleInRace
line:2ee729,ugh...,ugh...,,Original,KidDeerStart
line:a71e28,uuuUGGHHHHH...,uuuUGGHHHHHH...,,Original,KidDeerStart
line:e8cad6,ähm,um,,Player,KidDeerStart
line:ba0be1,geht's dir gut?,are you ok?,,Player,KidDeerStart
line:906e6c,nein...,no...,,Original,KidDeerStart
line:43ca47,geht's nicht!,i'm not!,,Original,KidDeerStart
line:465c91,ICH STERBE!!!,I'M DYING!!!,,Original,KidDeerStart
line:5d9ab3,!?,!?,,Player,KidDeerStart
line:27f266,...VOR LANGEWEILE!!,...OF BOREDOM!!,,Original,KidDeerStart
line:afdb39,oh,oh,,Player,KidDeerStart
line:dc1d7a,*hust hust*,*cough cough*,,Original,KidDeerStart
line:5bd58a,das ist ein echt\nernstes problem,this is a very\nserious problem,,Original,KidDeerStart
line:822153,gibt's...,is there...,,Player,KidDeerStart
line:016e51,"irgendwas, das ich tun kann?",anything i can do?,,Player,KidDeerStart
line:267ad6,ich wollte doch nur mit dem boot fahren,all i wanted to do was ride the boat,,Original,KidDeerStart
line:849465,aber neeeeein,but noooooo,,Original,KidDeerStart
line:bb943d,"""du darfst nicht""","""you're not allowed""",,Original,KidDeerStart
line:d7811b,"""du musst warten,\nbis du älter bist""","""you have to wait\nuntil you're older""",,Original,KidDeerStart
line:ffa4a8,na rate mal,well guess what,,Original,KidDeerStart
line:db0c4a,ich bin jetzt älter!!,i'm older now!!,,Original,KidDeerStart
line:d21402,das war vor fünf minuten!,that was five minutes ago!,,DadDeer,KidDeerStart
line:9bb25d,ugh,ugh,,Original,KidDeerStart
line:4039dd,hashtag schlimmster Papa ever!!,hashtag worst dad ever!!,,Original,KidDeerStart
line:c84c06,jetzt mal langsam!,now hold on there!,,DadDeer,KidDeerStart
line:8c0c33,ich nehm dich später mit raus,i'll take you out later,,DadDeer,KidDeerStart
line:fadf32,aber später ist eine\nmillion jahre entfernt...,but later is a\nmillion years away...,,Original,KidDeerStart
line:b39d62,"oh, wehe mir...",oh woe is me...,,Original,KidDeerStart
line:46c240,ich werde nie mit dem boot fahren dürfen,i'll never get to ride the boat,,Original,KidDeerStart
line:ed5e58,*hust hust*,*cough cough*,,Original,KidDeerStart
line:408710,warum muss die welt\nnur so grausam sein?!,why must the world\nbe so cruel?!,,Original,KidDeerStart
line:388a4e,hey Claire,hey claire,,Original,DadDeerStart
line:df649e,wie geht's?,how's it going?,,Original,DadDeerStart
line:dfb032,ähm,um,,Player,DadDeerStart
line:8b4495,mir geht's gut,i'm alright,,Player,DadDeerStart
line:e243fc,wie läuft's geschäftlich?,how's business?,,Player,DadDeerStart
line:43809e,ruhig,quiet,,Original,DadDeerStart
line:5809db,immerhin komm ich ordentlich\nzum lesen!,at least i'm getting some\ngood reading time in!,,Original,DadDeerStart
line:122de8,ist das motorboot heute schon gebucht?,is the motorboat booked today?,,Player,DadDeerStart
line:388aed,"nö, noch nicht","nope, not yet",,Original,DadDeerStart
line:4c35a6,willst du 'ne runde drehen?,you wanna take it for a spin?,,Original,DadDeerStart
line:b45743,die miete kostet 100 münzen,the rental fee is 100 coins,,Original,DadDeerStart
line:82f28d,ja!!,yes!!,Dialogue choice.,Player,DadDeerStart
line:67ba47,ich WILL unbedingt 'ne runde drehen!,i DO wanna take it for a spin!,,Player,DadDeerStart
line:fe7c87,klar doch!,sure thing!,,Original,DadDeerStart
line:277232,nö,nah,Dialogue choice.,Player,DadDeerStart
line:676e79,vielleicht später,maybe later,,Original,DadDeerStart
line:e40407,alles klar,alright,,Original,DadDeerStart
line:370405,bis später!,talk to you later!,,Original,DadDeerStart
line:5eb4ae,hallo nochmal,hello again,,Original,DadDeerStart
line:d5c3a6,was gibt's neues?,what's new?,,Original,DadDeerStart
line:ae3809,kann ich das boot mieten?,can i rent the boat?,Dialogue choice.,Player,DadDeerStart
line:2b9c2a,klar doch!,of course!,,Original,DadDeerStart
line:59d52b,das sind nur 100 münzen\nfür den ganzen tag,it's just 100 coins\nfor the whole day,,Original,DadDeerStart
line:7e55d1,"nicht viel, und du?","not much, you?",Dialogue choice.,Player,DadDeerStart
line:43cae9,und...,and...,,Original,DadDeerRent
line:9334cb,hier ist der schlüssel!,here's the key!,,Original,DadDeerRent
line:66e44a,oh,oh,,Original,DadDeerRent
line:207ecf,und äh,and uh,,Original,DadDeerRent
line:2dffad,"du hast den provinz-leitfaden für\nmotorbootsicherheit gelesen, oder?",you've read the provincial motorboating\nsafety and operations guide eh?,,Original,DadDeerRent
line:958f3a,ähm,um,,Player,DadDeerRent
line:902ce4,klar!,yeah!,Dialogue choice.,Player,DadDeerRent
line:703c5a,super!,great!,,Original,DadDeerRent
line:e76b55,"na dann, viel spaß da draußen!","welp, have a good time out there!",,Original,DadDeerRent
line:ff9a51,...ja?,...yeah?,Dialogue choice.,Player,DadDeerRent
line:7750eb,also...,well...,,Original,DadDeerRent
line:fcb8db,nur für den fall,just in case,,Original,DadDeerRent
line:7c2557,du kannst dir meinen ausleihen,you can borrow mine,,Original,DadDeerRent
line:f6dcbe,viel spaß da draußen!,have a good time out there!,,Original,DadDeerRent
line:1f2a55,äh,uh,,Player,DadDeerRent
line:e2fa37,ich bin gerade etwas knapp bei kohle,i'm a bit short on cash,,Player,DadDeerRent
line:2c8a89,ich komm später nochmal vorbei!,i'll come back later!,,Player,DadDeerRent
line:a96655,steh nur hier rum,just standing here,,Original,DadDeerWhatUp
line:9ef62d,...,...,,Original,DadDeerWhatUp
line:b36f01,ist ziemlich gut,it's pretty good,,Original,DadDeerWhatUp
line:26b506,hey,hey,,Original,DadDeerRented
line:4f2175,"was geht, Claire?","what's up, claire?",,Original,DadDeerRented
line:74402b,MIT DEM BOOT STIMMT WAS NICHT,SOMETHING IS WRONG WITH THE BOAT,Dialogue choice.,Player,DadDeerRented
line:249dba,äh,uh,,Original,DadDeerRented
line:16db2b,was?,what?,,Original,DadDeerRented
line:7c995c,SORRY!,SORRY!,,Player,DadDeerRented
line:e80d92,ähm,um,,Player,DadDeerRented
line:179ab1,der motor macht komische geräusche...,the engine's making a weird noise...,,Player,DadDeerRented
line:924f07,hmm,hmm,,Original,DadDeerRented
line:ba347c,nun,well,,Original,DadDeerRented
line:b3c873,lass uns mal nachsehen,let's take a look at it,,Original,DadDeerRented
line:d87f95,"äh, kannst du das boot für mich ankern?","uhh, can you anchor the boat for me?",Dialogue choice.,Player,DadDeerRented
line:c9cf7f,ALLES BESTENS!,EVERYTHING'S FINE!,Dialogue choice.,Player,DadDeerRented
line:85db07,äh...,uh...,,Original,DadDeerRented
line:4779ab,schön zu hören?,glad to hear it?,,Original,DadDeerRented
line:4f0f31,was geht?,what's up?,,Player,DadDeerRented
line:dc9c53,hey,hey,,Player,DadDeerRented
line:378b0c,"was geht, Claire?","what's up, claire?",,Player,DadDeerRented
line:e42e3b,kannst du das boot für mich ankern?,can you anchor the boat for me?,Dialogue choice.,Player,DadDeerRented
line:a2fbb3,wie ist das buch?,how's the book?,Dialogue choice.,Player,DadDeerRented
line:bc08c1,eigentlich nichts!,nothing really!,Dialogue choice.,Player,DadDeerRented
line:b4bcf2,"nich viel, und du?","nothin' much, you?",Dialogue choice.,Player,DadDeerRented
line:12b632,ich überflieg das mal kurz...,i'll just skim through this...,,Player,BoatManualStart
line:4006dc,also...,so...,,Player,BoatManualStart
line:f0695c,<color=red>{{InteractButton}}</color> drücken zum beschleunigen,press <color=red>{{InteractButton}}</color> to accelerate,,Player,BoatManualStart
line:01c3ac,<color=red>{{UseItemButton}}</color> für rückwärtsgang,<color=red>{{UseItemButton}}</color> to reverse,,Player,BoatManualStart
line:eb4921,<color=red>{{MenuButton}}</color> zum aussteigen,<color=red>{{MenuButton}}</color> to dismount,,Player,BoatManualStart
line:ed2749,und <color=red>{{RunButton}}</color> zum hupen!,and <color=red>{{RunButton}}</color> to honk!,,Player,BoatManualStart
line:17d9b0,klingt einfach genug,sounds easy enough,,Player,BoatManualStart
line:7bba76,...,...,,Player,BoatManualStart
line:a9391c,hier steht auch,it also says,,Player,BoatManualStart
line:04d1b4,"""falls dein boot wegen unsachgemäßem\nbootfahren stecken bleibt,""","""if your boat becomes stuck due\nto improper boating conduct,""",,Player,BoatManualStart
line:df5fa4,"""NICHT in panik geraten!""","""do NOT panic!""",,Player,BoatManualStart
line:782d29,"""auch wenn's peinlich sein mag,\nüberwinde deinen stolz und\nfrag einen boot-veteranen um hilfe!""","""although you may feel embarrassed,\nswallow your pride and ask for help\nfrom a boating veteran!""",,Player,BoatManualStart
line:332024,eh,eh,,Player,BoatManualStart
line:f4a974,wird schon klappen,i should be fine,,Player,BoatManualStart
line:1ef4a0,"sieht aus, als bräuchte es\neinen schlüssel zum starten",looks like it needs\na key to start,,Original,NoBoatKeyStart
line:8e64b4,ich könnte dich mitnehmen!,i could take you out!,Dialogue choice.,Player,OfferBoat
line:0961f2,WARTE,WAIT,,Original,OfferBoat
line:7eb40f,meinst du das ernst?!,are you for real?!,,Original,OfferBoat
line:139388,ja!,yeah!,,Player,OfferBoat
line:178cbe,ich miete das boot jetzt!,i'm renting the boat now!,,Player,OfferBoat
line:58a1a9,omg!!,omigosh!!,,Original,OfferBoat
line:551c4e,PAPA ICH GEH MIT\nCLAIRE BOOT FAHREN,DAD I'M GOING\nBOATING WITH CLAIRE,,Original,OfferBoat
line:bd1c6e,"ooookay, viel spaß",oookay have fun,,DadDeer,OfferBoat
line:48f067,"CLAIRE, DU BIST DIE BESTE",CLAIRE YOU'RE THE BEST,,Original,OfferBoat
line:f64a4f,lass mich nur fertig machen...,just let me get ready...,,Original,OfferBoat
line:56af4f,...gute besserung?,...feel better soon?,Dialogue choice.,Player,OfferBoat
line:af6312,*schnief*,*sniff*,,Original,OfferBoat
line:d01b24,vielleicht irgendwaaann...,maybe somedaay...,,Original,OfferBoat
line:065de4,oh klar,oh sure,,Original,DadDeerNeedHelp
line:f4ff7d,bringen wir's heim!,let's bring her home!,,Original,DadDeerNeedHelp
line:c5381a,es liegt schon fest vor anker!,she's already anchored tight!,,Original,DadDeerNeedHelp
line:fbfa79,mein Papa lässt mich einen\nseiner fantasy-romane lesen,my dad's got me reading\none of his fantasy novels,,Original,KidDeerChillStart
line:f7663f,klang anfangs ziemlich lahm,it sounded kinda lame at first,,Original,KidDeerChillStart
line:71f814,"er musste mich quasi\nanbetteln, es zu lesen",he practically had to\nbeg me to read it,,Original,KidDeerChillStart
line:3c6b43,aber weißt du,but you know,,Original,KidDeerChillStart
line:34394e,es ist gar nicht so schlecht,it's not that bad,,Original,KidDeerChillStart
line:e81639,"was gibt's neues, Claire?","what's new, claire?",,Original,KidDeerChillStart
line:c80bd3,willst du wieder boot fahren?,you wanna go boating again?,Dialogue choice.,Player,KidDeerChillStart
line:29b3e1,"dachte schon, du fragst nie!",i thought you'd never ask!,,Original,KidDeerChillStart
line:395498,man sieht sich!,see ya!,Dialogue choice.,Player,KidDeerChillStart
line:64bfab,möcht nicht in deiner haut stecken!,wouldn't wanna be ya!,,Original,KidDeerChillStart
line:6c531c,jk,jk,,Original,KidDeerChillStart
line:6e6195,du bist cool,you're cool,,Original,KidDeerChillStart
line:8d7d52,peace,peace,,Original,KidDeerChillStart
line:dad4d7,also ich hab mich gefragt...,so i was wondering...,,Original,KidBoatFastPlease
line:3b9b4a,ja?,yeah?,,Player,KidBoatFastPlease
line:52bae3,können wir schnell fahren?,can we go fast?,,Original,KidBoatFastPlease
line:52d037,so wie,like,,Original,KidBoatFastPlease
line:301a90,WIRKLICH schnell?,REALLY fast?,,Original,KidBoatFastPlease
line:4e379f,"so schnell, wie das boot eben geht?",as fast as the boat will go?,,Original,KidBoatFastPlease
line:e0dbbd,ich versuch's!,i'll try!,,Player,KidBoatFastPlease
line:dacc48,"{{JumpButton}} halten, um den motor aufheulen zu lassen!",hold {{JumpButton}} to rev the engine!,,Player,KidBoatFastPlease
line:2447a4,"mal sehen, wie schnell\ndas ding wirklich kann!!",let's see how fast\nthis thing can go!!,,Player,KidBoatFastPlease
line:a87539,DAS ist mal tempo!,now THAT'S speed!,,Original,KidBoatRequestChallenge
line:9d3033,mein Papa fährt nie\nso schnell für mich!,my dad never goes\nthat fast for me!,,Original,KidBoatRequestChallenge
line:ba1488,was mich erinnert...,which reminds me...,,Original,KidBoatRequestChallenge
line:eaea8e,vor ein paar tagen hab ich mir\neine geile boots-challenge\nausgedacht,a few days ago i came\nup with this sick\nboating challenge,,Original,KidBoatRequestChallenge
line:334cee,aber Papa wollt's nicht mal versuchen!,but dad wouldn't even try it!,,Original,KidBoatRequestChallenge
line:b8d344,würdest du's mal versuchen?,would you give it a try?,,Original,KidBoatRequestChallenge
line:f4fed1,warum nicht?,why not?,Dialogue choice.,Player,KidBoatRequestChallenge
line:3dc436,vielleicht später,maybe later,Dialogue choice.,Player,KidBoatRequestChallenge
line:47be8c,ach,aw,,Original,KidBoatRequestChallenge
line:755c92,okay,okay,,Original,KidBoatRequestChallenge
line:b4399f,also...,so...,,Original,KidBoatRequestChallenge
line:3f999a,ähm,um,,Original,KidBoatRequestChallenge
line:e3652a,willst du meine boots-challenge versuchen?,you wanna try my boating challenge?,,Original,KidBoatRequestChallenge
line:80c6ea,willst du meine\nboots-challenge nochmal versuchen?,you wanna try my\nboating challenge again?,,Original,KidBoatRequestChallenge
line:c12810,auf geht's!,let's do it!,Dialogue choice.,Player,KidBoatRequestChallenge
line:b83e30,jetzt nicht,not now,Dialogue choice.,Player,KidBoatRequestChallenge
line:a64e7b,ach,aw,,Original,KidBoatRequestChallenge
line:8ea37b,okay,okay,,Original,KidBoatRequestChallenge
line:eabb51,kann ich dich absetzen?,can i drop you off?,Dialogue choice.,Player,KidBoatRequestChallenge
line:d00d5a,OH JA!!,AW YES!!,,Original,StartBoatChallenge
line:55002d,"DU BIST DER HAMMER, CLAIRE!!",YOU ROCK CLAIRE!!,,Original,StartBoatChallenge
line:aed3dd,ich muss noch was vorbereiten,i gotta set some stuff up,,Original,StartBoatChallenge
line:ab39a2,bin gleich zurück!,i'll be right back!,,Original,StartBoatChallenge
line:ea4014,awwwwwwww ja!,awwwwwwww yeah!,,Original,StartBoatChallenge
line:c79efb,auf geht's!,let's do it!,,Original,StartBoatChallenge
line:e24796,also hier ist die lage!,so here's the sitch!,,Original,BeforeBoatRaceStart
line:0d551d,ich hab ein paar checkpoints\nim wasser aufgebaut,i set up a bunch of\ncheckpoints in the water,,Original,BeforeBoatRaceStart
line:a38f6c,du musst nur alle\nder reihe nach treffen!,all you've got to do is\nhit them all in order!,,Original,BeforeBoatRaceStart
line:5c92db,wenn du unter 2 minuten bleibst,if you finish in under 2 minutes,,Original,BeforeBoatRaceStart
line:a00093,dann gewinnst du!,then you win!,,Original,BeforeBoatRaceStart
line:b82644,okay,okay,,Player,BeforeBoatRaceStart
line:1423bf,das krieg ich hin!,i think i can do that!,,Player,BeforeBoatRaceStart
line:ea6bd1,mach dich bereit!,get ready!,,Player,BeforeBoatRaceStart
line:d7b2d5,wir müssen los!,we've gotta get moving!,,Original,KidBoatRaceActive
line:4ef106,was ist?,what is it?,,Original,KidBoatRaceActive
line:d4c7e0,ich will nochmal von vorn,i wanna start over,Dialogue choice.,Player,KidBoatRaceActive
line:b4c94a,"schon gut, schon gut",fine fine,,Original,KidBoatRaceActive
line:0f388e,dann lass uns zurückfahren,let's head back then,,Original,KidBoatRaceActive
line:8256ba,ich geb auf,i give up,Dialogue choice.,Player,KidBoatRaceActive
line:4455c6,ach,aw,,Original,KidBoatRaceActive
line:ebefab,ok,ok,,Original,KidBoatRaceActive
line:494ec0,eigentlich nichts,nothing really,Dialogue choice.,Player,KidBoatRaceActive
line:1d011e,wir verschwenden kostbare sekunden!!,we're wasting precious seconds!!,,Original,KidBoatRaceActive
line:f6f689,hey Claire,hey claire,,Original,KidBoatRaceRunAway
line:ba27f5,hast du...,did you...,,Original,KidBoatRaceRunAway
line:4de3b8,...meine challenge vergessen?,...forget about my challenge?,,Original,KidBoatRaceRunAway
line:f76fad,"ich war überrascht, als\ndu vom boot gestiegen bist",i was surprised when\nyou got off the boat,,Original,KidBoatRaceRunAway
line:bad460,sorry!,sorry!,,Player,KidBoatRaceRunAway
line:9192d3,ich war nur abgelenkt!,i just got distracted!,,Player,KidBoatRaceRunAway
line:9a9206,du musst für die ganze challenge\nauf dem boot bleiben!,you've gotta stay on the\nboat for the whole challenge!,,Player,KidBoatRaceRunAway
line:455f3f,sorry!,sorry!,,Player,KidBoatRaceRunAway
line:a7e924,also äh,so uh,,Original,KidBoatAbandoned
line:523841,"mir war langweilig, wie ich\nim boot rumgewartet hab",i got a little bored waiting\naround in the boat,,Original,KidBoatAbandoned
line:0abeee,also hab ich's zurückgefahren,so i drove it back here,,Original,KidBoatAbandoned
line:cf4776,ähm,um,,Original,KidBoatAbandoned
line:f9a15b,"sag's nicht Papa, ok?","don't tell dad, ok?",,Original,KidBoatAbandoned
line:f1f691,ich hab das boot wieder heimgefahren!,i drove the boat home again!,,Original,KidBoatAbandoned
line:cfd474,"ich glaub, ich bin ziemlich gut darin!",i think i'm pretty good at this!,,Original,KidBoatAbandoned
line:234b93,...,...,,Original,CrashedBoatStart
line:510557,WOAH,WOAH,,Original,CrashedBoatStart
line:ab7e27,na,well,,Original,CrashedBoatStart
line:516f65,das war der hammer,that was awesome,,Original,CrashedBoatStart
line:e1315b,das war krass,that was crazy,,Player,CrashedBoatStart
line:a7bdf9,krass geil,crazy awesome,,Original,CrashedBoatStart
line:bd364d,"bin nur ich das,","is it just me,",,Player,BrokenBoatNoticedStart
line:a015df,oder klingt da was komisch?,or does something not sound right?,,Player,BrokenBoatNoticedStart
line:552dc8,...,...,,Original,BrokenBoatNoticedStart
line:0bb254,es ist der motor,it's the engine,,Original,BrokenBoatNoticedStart
line:31d5e4,das ist nicht gut,that's not good,,Player,BrokenBoatNoticedStart
line:ec602f,nein...,no...,,Original,BrokenBoatNoticedStart
line:35e776,ist es nicht!,it's not!,,Original,BrokenBoatNoticedStart
line:a16c90,vielleicht,maybe,,Player,BrokenBoatNoticedStart
line:f18530,geht das von selbst wieder weg?,it will just go away?,,Player,BrokenBoatNoticedStart
line:7f6aec,ich weiß nicht,i don't know,,Original,BrokenBoatNoticedStart
line:8bb793,...,...,,Original,BrokenBoatNoticedStart
line:691082,mist,shoot,,Original,BrokenBoatNoticedStart
line:91d2be,MIST!,SHOOT!,,Original,BrokenBoatNoticedStart
line:b44318,DAS IST MEINE SCHULD,THIS IS MY FAULT,,Original,BrokenBoatNoticedStart
line:30181e,ICH HAB DIE RAMPE GEBAUT,I MADE THE RAMP,,Original,BrokenBoatNoticedStart
line:79bb42,ist schon ok,it's alright,,Player,BrokenBoatNoticedStart
line:ead7e9,"WAS, WENN DAS BOOT WIRKLICH KAPUTT IST",WHAT IF THE BOAT IS REALLY BROKEN,,Original,BrokenBoatNoticedStart
line:5280bc,"WAS, WENN ES SINKT!?",WHAT IF IT SINKS!?,,Original,BrokenBoatNoticedStart
line:11fc99,keine sorge!,don't worry!,,Player,BrokenBoatNoticedStart
line:c200d5,"WAS, WENN ES EXPLODIERT!?",WHAT IF IT EXPLODES!?,,Original,BrokenBoatNoticedStart
line:5aa153,es wird nicht explodieren!,it's not gonna explode!,,Player,BrokenBoatNoticedStart
line:103d20,aber,but,,Player,BrokenBoatNoticedStart
line:c1eb7e,äh,uhh,,Player,BrokenBoatNoticedStart
line:dface3,wir sollten wohl jemanden\ndrüberschauen lassen,we should probably have\nsomeone take a look,,Player,BrokenBoatNoticedStart
line:086b5f,"Papa wüsste, wie man's repariert...",dad would know how to fix it...,,Original,BrokenBoatNoticedStart
line:554faa,aber,but,,Original,BrokenBoatNoticedStart
line:e2d14e,er hat mir irgendwie gesagt,he kinda told me,,Original,BrokenBoatNoticedStart
line:b28245,<color=#B7A288>ich soll die rampe nicht benutzen...</color>,<color=#B7A288>not to use the ramp...</color>,,Original,BrokenBoatNoticedStart
line:26032d,oh,oh,,Player,BrokenBoatNoticedStart
line:63c3f3,"er wird total ""enttäuscht"" von mir sein","he's gonna be all ""disappointed"" in me",,Original,BrokenBoatNoticedStart
line:63ba67,ughhhhhhhhh,ughhhhhhhhh,,Original,BrokenBoatNoticedStart
line:f2e661,gibt's hier sonst noch jemanden?,maybe there's someone else around?,,Player,BrokenBoatNoticedStart
line:0abe4f,"der sich so, keine ahnung,","that knows, like",,Player,BrokenBoatNoticedStart
line:754325,mit booten auskennt?,boat stuff?,,Player,BrokenBoatNoticedStart
line:39c03c,es muss doch jemanden geben!!,there's gotta be someone!!,,Original,BrokenBoatNoticedStart
line:1a1215,also...,so...,,Player,DadFixedBoatStart
line:f8b5f0,ist es repariert?,is it fixed?,,Player,DadFixedBoatStart
line:ebbd58,jup,yeah,,Original,DadFixedBoatStart
line:88fe7c,einer der propeller hat sich\nein bisschen verbogen,one of the props got a\nlittle bent out of shape,,Original,DadFixedBoatStart
line:a532a3,haste 'nen baumstamm gerammt oder so?,you hit a log or somethin?,,Original,DadFixedBoatStart
line:64aa8f,also...,well...,,Player,DadFixedBoatStart
line:a3f2ae,jupp!,yup!,,DeerKidBoat,DadFixedBoatStart
line:b663f4,ein baumstamm!,a log!,,DeerKidBoat,DadFixedBoatStart
line:d2cd54,klassischer baumstamm,classic log,,DeerKidBoat,DadFixedBoatStart
line:7f075b,ha,ha,,DeerKidBoat,DadFixedBoatStart
line:6636f3,...nicht wirklich,...not exactly,,DeerKidBoat,DadFixedBoatStart
line:67ce9d,na gut,well,,Original,DadFixedBoatStart
line:3db378,pass beim nächsten mal\neinfach besser auf,just make sure you're\nmore careful next time,,Original,DadFixedBoatStart
line:9fbc55,alles klar?,alright?,,Original,DadFixedBoatStart
line:a99050,ja...,yeah...,,DeerKidBoat,DadFixedBoatStart
line:662d6e,machen wir,we will,,DeerKidBoat,DadFixedBoatStart
line:58fd6a,"danke, Papa",thanks dad,,DeerKidBoat,DadFixedBoatStart
line:3f72cc,kein problem!,no problem!,,Original,DadFixedBoatStart
line:1f3085,"ja, mach ich!","yeah, i will!",,Original,DadFixedBoatStart
line:4d1ca5,...uuund das war's dann auch schon!,...aaaand that should be it!,,Original,DuckFixedBoatStart
line:acf92d,das war's schon!?,that's all!?,,Player,DuckFixedBoatStart
line:de2a61,das war's schon!,that's all!,,Original,DuckFixedBoatStart
line:7580e5,hab nur 'nen Propeller wieder gerade gebogen,just bent a prop back into shape,,Original,DuckFixedBoatStart
line:0346f5,sollte jetzt wieder schnurren wie ein Kätzchen!,should be purring like a kitten now!,,Original,DuckFixedBoatStart
line:dc8639,"OMG, VIELEN DANK!!",OMIGOSH THANK YOU SO MUCH!!,,DeerKidBoat,DuckFixedBoatStart
line:098ee1,ich hab mir solche Sorgen gemacht!!,i was so worried!!,,DeerKidBoat,DuckFixedBoatStart
line:836530,kein Problemo!,no problemo!,,Original,DuckFixedBoatStart
line:7b6963,wie ist das eigentlich passiert?,"how'd this happen, anyway?",,Original,DuckFixedBoatStart
line:8dc13c,äh,uh,,DeerKidBoat,DuckFixedBoatStart
line:1bb085,wir haben irgendwie,we kinda,,DeerKidBoat,DuckFixedBoatStart
line:98d131,sind über 'ne Rampe gefahren,drove it off a ramp,,DeerKidBoat,DuckFixedBoatStart
line:5e5232,heh,heh,,Original,DuckFixedBoatStart
line:1c8f99,nice,nice,,Original,DuckFixedBoatStart
line:7a82dc,das Boot ist aber nicht wirklich\nfür sowas gebaut,"that boat's not really built\nfor that kinda action, though",,Original,DuckFixedBoatStart
line:160609,huh,huh,,DeerKidBoat,DuckFixedBoatStart
line:810552,ich frag mich...,i wonder...,,DeerKidBoat,DuckFixedBoatStart
line:ff1a90,...könnten wir's zu so einem Boot MACHEN!?,...could we MAKE it that kinda boat!?,,DeerKidBoat,DuckFixedBoatStart
line:c98240,hmm!!,hmm!!,,Original,DuckFixedBoatStart
line:6cc9f6,gute Frage!,good question!,,Original,DuckFixedBoatStart
line:5d5645,ähh,uhh,,Player,DuckFixedBoatStart
line:b6aea4,"ich glaub, wir sollten lieber los",i think we'd better get going,,Player,DuckFixedBoatStart
line:59d92c,na gut,alrighty,,Original,DuckFixedBoatStart
line:ef1e2a,ich muss sowieso wieder\nzurück zum Faulenzen,"i gotta get back to\nslacking off, anyway",,Original,DuckFixedBoatStart
line:60a587,nochmal danke!,thanks again!,,Player,DuckFixedBoatStart
line:a2346b,ähm,um,,Player,FishBuyerBrokenBoat
line:ed810d,ich war nur neugierig...,i was just curious...,,Player,FishBuyerBrokenBoat
line:a51dd6,aber weißt du zufällig was\nüber Bootsreparaturen?,but do you happen to know\nanything about boat repair?,,Player,FishBuyerBrokenBoat
line:12c5ef,heh,heh,,Original,FishBuyerBrokenBoat
line:7c72dc,und ob!,i sure do!,,Original,FishBuyerBrokenBoat
line:fd9684,also,now,,Original,FishBuyerBrokenBoat
line:0abcfc,ich werd jetzt nicht bescheiden sein,i ain't gonna be modest about this,,Original,FishBuyerBrokenBoat
line:b37395,wenn's um Boote geht...,when it comes to boats...,,Original,FishBuyerBrokenBoat
line:eb8dca,kenn ich das Drinnen und Draußen,i know the ins and outs,,Original,FishBuyerBrokenBoat
line:28267f,das Links und Rechts,the lefts and rights,,Original,FishBuyerBrokenBoat
line:8cc70e,das Rauf und Runter,the ups and downs,,Original,FishBuyerBrokenBoat
line:3be7b3,"und jedes andere Hin und Her,\ndas dir einfällt!",and any other this ways and\nthat ways you can think of!,,Original,FishBuyerBrokenBoat
line:83350a,warum fragste?,why do ya ask?,,Original,FishBuyerBrokenBoat
line:e87663,also,well,,Player,FishBuyerBrokenBoat
line:ac7842,unser Boot macht so'n komisches Geräusch...,our boat is making a weird noise...,,Player,FishBuyerBrokenBoat
line:9ba3c2,oh ja,oh yeah,,Original,FishBuyerBrokenBoat
line:e1455f,Boote machen alle möglichen Geräusche,boats'll make all sorts of noises,,Original,FishBuyerBrokenBoat
line:28894b,die sind ganz schön geschwätzig\nfür 'nen Batzen Metall!,they're awfully chatty for\na chunk of metal!,,Original,FishBuyerBrokenBoat
line:28a2b7,"ich schätze, du willst,\ndass ich's mir mal anschau?",i reckon you want me to\ntake a look at it?,,Original,FishBuyerBrokenBoat
line:b71cce,wenn's dir nichts ausmacht!,if you don't mind!,,Player,FishBuyerBrokenBoat
line:e63629,aber natürlich!,well o' course!,,Original,FishBuyerBrokenBoat
line:07e4c1,"mal sehen, was sich machen lässt",let's see what we can do,,Original,FishBuyerBrokenBoat
line:4b3f03,ähhhh,uhhhh,,Player,CrashedBoat2
line:c3309c,es springt nicht an!?,it's not starting!?,,Player,CrashedBoat2
line:89b64c,"warte, WAS?!",wait WHAT?!,,Original,CrashedBoat2
line:288afe,"okay, ich glaub, jetzt geht's wieder",okay i think it's working now,,Player,CrashedBoat3
line:6712de,PUH,PHEW,,Original,CrashedBoat3
line:8f7b2a,ha,ha,,Original,CrashedBoat3
line:d2a8d6,ich war schon kurz vorm Ausflippen!,i was getting ready to freak out!,,Original,CrashedBoat3
line:c1da40,...,...,,Original,KidBoatBroken
line:966e00,alles ok?,you ok?,,Player,KidBoatBroken
line:532001,ja,yeah,,Original,KidBoatBroken
line:ef0c37,ich bin noch so...,i'm still like...,,Original,KidBoatBroken
line:14db5d,wow,wow,,Original,KidBoatBroken
line:611289,die Rampe war der Hammer,that ramp was sick,,Original,KidBoatBroken
line:ef052c,"es wird wirklich nicht explodieren, oder?","it's really not gonna explode, right?",,Original,KidBoatBroken
line:64710a,definitiv nicht,definitely not,,Player,KidBoatBroken
line:709f41,okay...,okay...,,Original,KidBoatBroken
line:fef686,also,so,,Original,KidRequestChallengeFixed
line:902ab8,"jetzt, wo wir aus der\nNummer raus sind...",now that we're\nout of that pickle...,,Original,KidRequestChallengeFixed
line:10f389,hättest du vielleicht,did you maybe,,Original,KidRequestChallengeFixed
line:e55d9c,Lust,wanna,,Original,KidRequestChallengeFixed
line:72c468,...meine Challenge nochmal zu versuchen?,...try my challenge again?,,Original,KidRequestChallengeFixed
line:f46919,äh,uh,,Player,KidRequestChallengeFixed
line:edbbcd,ABER diesmal ohne Rampe!,BUT this time with no ramp!,,Original,KidRequestChallengeFixed
line:da1e55,absolut NULL Rampen!,absolutely ZERO ramps!,,Original,KidRequestChallengeFixed
line:fdd047,"einfach ganz normaler,\nguter alter Boots-Spaß ohne Rampe?!",just regular good old\nrampless boating fun?!,,Original,KidRequestChallengeFixed
line:16a42d,willst du meine Challenge nochmal versuchen?,wanna try my challenge again?,,Original,KidRequestChallengeFixed
line:1d09fe,"falls du bereit bist,\nes nochmal zu versuchen",if you're willing to\ngive it another go,,Original,KidRequestChallengeFixed
line:d12633,"ich würd's lieben, wenn du\nmeine Challenge nochmal versuchst!",i'd love it if you'd\ntry my challenge again!,,Original,KidRequestChallengeFixed
line:7c10e6,"oh, na gut!",oh alright!,Dialogue choice.,Player,KidRequestChallengeFixed
line:8e2559,vielleicht später?,maybe later?,Dialogue choice.,Player,KidRequestChallengeFixed
line:38015b,fair genug,fair enough,,Original,KidRequestChallengeFixed
line:313674,kann ich dich absetzen?,can i drop you off?,Dialogue choice.,Player,KidRequestChallengeFixed
line:7a6f5e,na gut dann,okay then,,Original,DropOffKid
line:9a4faa,"mach's gut, Claire!","take it easy, claire!",,Original,DropOffKid
line:a24209,oh,oh,,Original,DropOffKid
line:e1ed39,klar,sure,,Original,DropOffKid
line:890fa3,sorry,sorry,,Player,DropOffKid
line:53e7de,ich hab noch\nein paar Sachen zu erledigen,i've got some\nstuff i need to do,,Player,DropOffKid
line:9683a6,das ist ok,that's ok,,Original,DropOffKid
line:7b41d2,das hat Spaß gemacht!,this was fun!,,Original,DropOffKid
line:e0cabf,also ich hab über\nletztes Mal nachgedacht,so i was thinking\nabout last time,,Original,BeforeBoatRaceStartFixed
line:29b389,"und ich dachte, ich füg noch\neine Extra-Regel hinzu...",and i thought i'd\nadd an extra rule...,,Original,BeforeBoatRaceStartFixed
line:91b87e,"...eine Regel, die sicheres\nBootfahren fördert!",...a rule that promotes\nsafe boating practices!,,Original,BeforeBoatRaceStartFixed
line:39a70d,ok,ok,,Player,BeforeBoatRaceStartFixed
line:4cdb7c,immer wenn du 'nen Stein triffst oder so,whenever you hit a rock or something,,Original,BeforeBoatRaceStartFixed
line:6e59ad,geb ich dir 10 Sekunden\nStrafe auf deine Zeit,i'll penalize you by adding\n10 seconds to your score,,Original,BeforeBoatRaceStartFixed
line:8763d9,wie klingt das?,how does that sound?,,Original,BeforeBoatRaceStartFixed
line:bd7315,klar!,sure!,,Player,BeforeBoatRaceStartFixed
line:3732b7,das schaff ich!,i can handle that!,,Player,BeforeBoatRaceStartFixed
line:70a61e,deine bisherige Bestzeit war {{BoatRaceBestTimeText}} Sekunden,your previous best time was {{BoatRaceBestTimeText}} seconds,,Player,BeforeBoatRaceStartFixed
line:2992c5,"glaubst du, du schlägst das?",think you can beat that?,,Player,BeforeBoatRaceStartFixed
line:9877ff,ich versuch's mal!,i'll give it a shot!,,Player,BeforeBoatRaceStartFixed
line:a62945,wie gewinn ich nochmal?,how do i win again?,,Player,BeforeBoatRaceStartFixed
line:00d88c,beend's in unter 2 Minuten!,finish in under 2 minutes!,,Original,BeforeBoatRaceStartFixed
line:952058,"und versuch, nichts zu rammen!",and try to avoid hitting things!,,Original,BeforeBoatRaceStartFixed
line:56d5e9,genau,right,,Player,BeforeBoatRaceStartFixed
line:d574cf,uuund das ist die ZEIT!,aaand that's TIME!,,Original,BoatRaceWon
line:af97f6,du bist in nur {{BoatRaceTimeText}} Sekunden ins Ziel!,you finished in just {{BoatRaceTimeText}} seconds!,,Original,BoatRaceWon
line:2abab6,und das ist NACH deinen {{BoatRacePenalties}} Strafen,and that's AFTER your {{BoatRacePenalties}} penalties,,Original,BoatRaceWon
line:506eb1,und das ist NACH deiner Strafe!,and that's AFTER your penalty!,,Original,BoatRaceWon
line:72712c,rate mal?,so guess what?,,Original,BoatRaceWon
line:0182a2,du hast GEWONNEN!,you WON!,,Original,BoatRaceWon
line:45c95a,jaaa!,yesss!,,Player,BoatRaceWon
line:0848a7,High Five?,high five?,,Player,BoatRaceWon
line:21e98c,eh,eh,,Original,BoatRaceWon
line:b70adb,"zu faul, um mich zu bewegen",too lazy to move,,Original,BoatRaceWon
line:9a6bfe,aber ich hab ein Geschenk für dich!,but i do have a gift for you!,,Original,BoatRaceWon
line:c6c2df,"das hilft dir, abzuheben,\nauch ohne Rampen!","that'll help you get air,\neven without ramps!",,Original,BoatRaceWon
line:4cc323,du hast deine letzte Zeit von\n{{BoatRaceBestTimeText}} Sekunden ABSOLUT ZERSTÖRT!,you ABSOLUTELY DESTROYED your\nlast score of {{BoatRaceBestTimeText}} seconds!,,Original,BoatRaceWon
line:8283d1,"ich glaub, das verdient ein ""VERDAMMT JA!""","i think that deserves a ""HECK YEAH!""",,Original,BoatRaceWon
line:e78f9d,verdammt ja!!,heck yeah!!,,Player,BoatRaceWon
line:ab0ea7,du hast deine letzte Zeit von\n{{BoatRaceBestTimeText}} Sekunden KOMPLETT VERNICHTET!,you COMPLETELY ANNIHILATED your\nlast score of {{BoatRaceBestTimeText}} seconds!,,Player,BoatRaceWon
line:f9a711,"ich glaub, das verdient ein ""COOL, ALTER!""","i think that deserves a ""COOL BEANS!""",,Player,BoatRaceWon
line:95b1b6,"cool, alter!!",cool beans!!,,Player,BoatRaceWon
line:0492dd,du hast deine letzte Zeit von\n{{BoatRaceBestTimeText}} Sekunden VÖLLIG PULVERISIERT!,you UTTERLY OBLITERATED your\nlast score of {{BoatRaceBestTimeText}} seconds!,,Player,BoatRaceWon
line:4910de,"ich glaub, das verdient ein ""WA WA BOOP BOOP!""","i think that deserves a ""WA WA BOOP BOOP!""",,Player,BoatRaceWon
line:62b09b,äh,uh,,Player,BoatRaceWon
line:b414bf,wa wa boop boop?,wa wa boop boop?,,Player,BoatRaceWon
line:8d42d8,uups,oops,,Original,BoatRaceWon
line:8f7699,das ist so ein Insider-Meme,that one's an old friend meme,,Original,BoatRaceWon
line:8f4053,Insider-Meme...,old friend meme...,,Player,BoatRaceWon
line:5f96e8,du meinst sowas wie,you mean like,,Player,BoatRaceWon
line:99f37c,ein Insider-Witz?,inside joke?,,Player,BoatRaceWon
line:0b6ac8,"ja, läuft aufs Gleiche raus",yeah same diff,,Original,BoatRaceWon
line:649294,uuund das ist die ZEIT!,aaand that's TIME!,,Original,BoatRaceLost
line:98be75,du bist in {{BoatRaceTimeText}} Sekunden ins Ziel!,you finished in {{BoatRaceTimeText}} seconds!,,Original,BoatRaceLost
line:91d815,wenn man deine {{BoatRacePenalties}}\nStrafen mitzählt,"if you include your {{BoatRacePenalties}}\npenalties, that is",,Original,BoatRaceLost
line:7996d1,wenn man deine\nStrafe mitzählt,"if you include your\npenalty, that is",,Original,BoatRaceLost
line:052f51,"mist, nicht schnell genug!","drat, not fast enough!",,Player,BoatRaceLost
line:4b6c1f,war trotzdem lustig!,it was still fun tho!,,Original,BoatRaceLost
line:0c786a,"sag Bescheid, wenn du's\nnochmal versuchen willst",lemme know if you wanna\ngive it another shot,,Original,BoatRaceLost
line:d977ac,gute Zeit!,nice score!,,Original,BoatRaceLost
line:292d27,nicht so gut wie deine bisherige Zeit von {{BoatRaceBestTimeText}} Sekunden,not as good as your previous score of {{BoatRaceBestTimeText}} seconds,,Original,BoatRaceLost
line:4614f5,aber immer noch gut!,but still good!,,Original,BoatRaceLost
line:08d0a6,ähm,um,,Original,BoatKidThanks
line:df481d,ich wollte nur sagen,i just wanted to say,,Original,BoatKidThanks
line:e3ea2f,"danke, dass du wegen\nder Rampen-Sache so cool warst",thanks for being cool\nabout the ramp thing,,Original,BoatKidThanks
line:896fd6,und,and,,Original,BoatKidThanks
line:17bd81,dass du Papa nichts erzählst...,not telling dad...,,Original,BoatKidThanks
line:95d0a0,alles gut!,it's all good!,,Player,BoatKidThanks
line:d3edae,es ist ziemlich gut,it's pretty good,,Original,WhatchaReading
line:c0a0fa,ich bin ein schneller Leser,i'm a fast reader,,Original,WhatchaReading
line:70aff2,also müsste ich bald fertig sein,so i should be finished soon,,Original,WhatchaReading
line:b4aee5,was liest du da?,so whatcha reading?,,Player,DadDeerNoQuestions
line:891680,"oh, das hier?",oh this?,,Original,DadDeerNoQuestions
line:7e841d,nur irgendein Roman,just some fiction,,Original,DadDeerNoQuestions
line:9ed0ed,cool,cool,,Player,DadDeerNoQuestions
line:10778e,worum geht's denn?,so what's it about?,,Player,DadDeerNoQuestions
line:fc45af,worum geht was?,what's what about?,,Original,DadDeerNoQuestions
line:4c0f79,dein Buch!,your book!,,Player,DadDeerNoQuestions
line:f4254e,"oh, äh","oh, uh",,Original,DadDeerNoQuestions
line:21600f,es ist ein Fantasy-Roman,it's a fantasy novel,,Original,DadDeerNoQuestions
line:22551d,"also, du weißt schon","so, you know",,Original,DadDeerNoQuestions
line:9b441c,es geht um Magie und so,it's about magic and stuff,,Original,DadDeerNoQuestions
line:c12e5d,nice,nice,,Player,DadDeerNoQuestions
line:12da43,vertreib mir nur die Zeit,just killing time,,Original,DeerWhatsUpToBook
line:678f25,auch nicht viel,not much either,,Original,DeerWhatsUpToBook
line:3a5e91,eigentlich nichts,nothing really,,Original,DeerWhatsUpToBook
line:a3b613,man sieht sich!,see ya!,,Player,DeerDadSeeYa
line:892b16,soo,soo,,Player,WhatchaReadingActualText
line:2532c6,wie heißt das Buch?,what's the name of the book?,,Player,WhatchaReadingActualText
line:20d52d,also...,well...,,Original,WhatchaReadingActualText
line:c1938d,es ist eigentlich der erste\nBand einer Reihe,it's actually the first\nbook in a series,,Original,WhatchaReadingActualText
line:015704,"ich bezweifle, dass du's kennst",i doubt you'll have heard of it,,Original,WhatchaReadingActualText
line:760b66,es ist noch ziemlich nischig,it's still pretty niche,,Original,WhatchaReadingActualText
line:0e17f1,aber um's kurz zusammenzufassen...,but to sum it up quickly...,,Original,WhatchaReadingActualText
line:81e180,"es geht um eine uralte Fantasy-Welt, in der Zauberer\num Ruhm kämpfen, indem sie Steine und Felsen in mächtige\nGolems verwandeln, die sich in gewaltigen Arenen voller\ntückischer Fallen und furchterregender Monster bekämpfen",it's about an ancient fantasy world where sorcerers\nbattle for glory by enchanting stones and rocks into\npowerful golems that fight each other in epic arenas\nfilled with perilous traps and fearsome monsters,,Original,WhatchaReadingActualText
line:b3921b,"und obwohl die Kampfszenen zuerst wie der\nFokus wirken, sind es eigentlich die Charaktere,\ndie die Geschichte tragen, und alle Kämpfe sind\ngewissermaßen metaphorisch an die inneren Konflikte\njedes Zauberers geknüpft, während sie ums Überleben\nkämpfen in einer gnadenlosen, gleichgültigen Welt",and although the fight sequences seem like\nthe focus at first it's really the characters\nthat drive the story and all the battles are\nsort of metaphorically tied to each wizard's\ninternal conflicts as they struggle to survive\nin a ruthless and uncaring world,,Original,WhatchaReadingActualText
line:8ce110,es ist echt gut,it's pretty good,,Original,WhatchaReadingActualText
line:254ac0,huh,huh,,Player,WhatchaReadingActualText
line:6526af,aber wie heißt's denn?,but what's it called?,,Player,WhatchaReadingActualText
line:d940c4,"oh, äh","oh, uh",,Original,WhatchaReadingActualText
line:9c573e,The Bolder Boulders Book 1:\nThe Bedrock Battalion,The Bolder Boulders Book 1:\nThe Bedrock Battalion,,Original,WhatchaReadingActualText
line:f77238,cool!,cool!,,Player,WhatchaReadingActualText
line:bb88eb,ja...,yeah...,,Original,WhatchaReadingActualText
line:ce9f58,ist es,it is,,Original,WhatchaReadingActualText
line:eee6f6,ich bin jetzt beim nächsten Buch!,i'm onto the next book now!,,Original,WhatchaReadingActualText
line:e54497,The Bolder Boulders Book 2:\nBetween A Rock and a Hard Case,The Bolder Boulders Book 2:\nBetween A Rock and a Hard Case,,Original,WhatchaReadingActualText
line:825447,es ist etwas düsterer\nals das erste Buch,it's a little darker\nthan the first book,,Original,WhatchaReadingActualText
line:e60e76,Leute verschwinden\nund keiner weiß warum,people are vanishing\nand no one knows why,,Original,WhatchaReadingActualText
line:f9ed87,außerdem ist diesmal\njeder ziemlich launisch,also everyone is very moody\nthis time around,,Original,WhatchaReadingActualText
line:816086,na,well,,Player,WhatchaReadingActualText
line:7d5122,"ich hoffe, sie lösen das Rätsel!",i hope they solve the mystery!,,Player,WhatchaReadingActualText
line:b91fd7,ich lese jetzt das nächste,i'm reading the next one now,,Original,WhatchaReadingActualText
line:5746d1,The Bolder Boulders Book 3:\nAll Ore Nothing,The Bolder Boulders Book 3:\nAll Ore Nothing,,Original,WhatchaReadingActualText
line:eb185b,die zwei größten Zauberer...,the two greatest wizards...,,Original,WhatchaReadingActualText
line:b7228e,EHEMALS FREUNDE,PREVIOUSLY FRIENDS,,Original,WhatchaReadingActualText
line:8de90a,...stehen sich jetzt als Gegner gegenüber!,...are now pitted against one another!,,Original,WhatchaReadingActualText
line:84e697,und der Einsatz ist hoch,and the stakes are high,,Original,WhatchaReadingActualText
line:f5f662,denn der Verlierer muss\nfür immer auf Magie verzichten!,because the loser will be forced\nto give up magic forever!,,Original,WhatchaReadingActualText
line:77b8f7,uh oh!!,uh oh!!,,Player,WhatchaReadingActualText
line:a98b9d,da sagst du was!,you can say that again!,,Original,WhatchaReadingActualText
line:e5b9c3,mir geht's gut,i'm good,,Player,WhatchaReadingActualText
line:8e926a,bin zum nächsten Buch übergegangen,moved onto the next book,,Original,WhatchaReadingActualText
line:709dda,The Bolder Boulders Book 4:\nHearts of Stone,The Bolder Boulders Book 4:\nHearts of Stone,,Original,WhatchaReadingActualText
line:b31881,das hier ist ein gutes,this is a good one,,Original,WhatchaReadingActualText
line:ff0d6c,um den Klappentext zu zitieren:,to quote the back of the book:,,Original,WhatchaReadingActualText
line:6f58ee,"""eine aufblühende Romanze zwischen Golems\nhat auf dem Schlachtfeld für Aufruhr gesorgt!""","""a blossoming romance between golems\nhas caused an uproar on the battlefield!""",,Original,WhatchaReadingActualText
line:3ea37e,"""können Mega-Faust und Steinzermalmer\nwahre Liebe inmitten des Krieges finden?""","""can Mega Fist and Stone Crusher find\ntrue love in the midst of war?""",,Original,WhatchaReadingActualText
line:7afe8f,ich drück ihnen die Daumen!,i'm rooting for them!,,Player,WhatchaReadingActualText
line:fca29d,schon fertig damit?,you finished it yet?,,Player,WhatchaReadingActualText
line:eb3ed2,jup,yup,,Original,WhatchaReadingActualText
line:83967e,ich lese jetzt The Bolder Boulders\nBook 5: Tectonic Fates,i'm now reading The Bolder Boulders\nBook 5: Tectonic Fates,,Original,WhatchaReadingActualText
line:d6faef,"""als ein mysteriöser Feind die\nExistenz des Planeten bedroht,""","""when a mysterious enemy threatens\nthe very existence of the planet,""",,Original,WhatchaReadingActualText
line:e6e8ca,"""müssen Zauberer und Golems gleichermaßen kämpfen,\num die zu beschützen, die sie lieben!""","""wizards and golems alike must fight\nto protect the ones they love!""",,Original,WhatchaReadingActualText
line:1ae489,das ist heftig,that's intense,,Player,WhatchaReadingActualText
line:8508d0,und ob,you bet,,Original,WhatchaReadingActualText
line:2ae2e5,bist du schon fertig?,are you done yet?,,Player,WhatchaReadingActualText
line:dfbb31,ich bin jetzt beim letzten Buch,i'm on the final book now,,Original,WhatchaReadingActualText
line:f28f05,es heißt einfach nur,it's simply called,,Original,WhatchaReadingActualText
line:23f34d,The Bolder Boulders: Infinity,The Bolder Boulders: Infinity,,Original,WhatchaReadingActualText
line:824a8e,"""Jahrhunderte nach den Ereignissen von Tectonic Fates\nwandert Ronaldo, der Sohn von Mega-Faust und Steinzermalmer,\ndurch eine öde Erde, auf der Suche nach\nirgendeinem Lebenszeichen""","""Centuries after the events of Tectonic Fates,\nMega Fist and Stone Crusher's son Ronaldo\nwanders a barren earth, searching for any\nsigns of life""",,Original,WhatchaReadingActualText
line:b80a49,das hier ist wirklich ein Meisterwerk,this one is really a masterpiece,,Original,WhatchaReadingActualText
line:bda79c,ich bin fertig!,i'm done!,,Original,WhatchaReadingActualText
line:8f3d8e,mit allen?,all of them?,,Player,WhatchaReadingActualText
line:a3d23f,mit allen,all of them,,Original,WhatchaReadingActualText
line:a3840b,und was jetzt?,so what now?,,Player,WhatchaReadingActualText
line:0873b5,ich fang wahrscheinlich wieder von vorne an,i'll probably start over again,,Original,WhatchaReadingActualText
line:aa1033,"ich hab gehört, sie sind beim\nfünften Mal sogar noch besser!",i hear they're even better\nthe fifth time around!,,Original,WhatchaReadingActualText
line:8af30b,es ist gut,it's good,,Original,WhatchaReadingActualText
line:56f562,du liest schnell,you read fast,,Player,WhatchaReadingActualText
line:f3f875,und ob,i sure do,,Original,WhatchaReadingActualText
line:2eab83,"<sprite name=""DownArrow"" tint=1> Die Orangeninseln","<sprite name=""DownArrow"" tint=1> The Orange Islands",,Original,OrangeIslandsSign
line:96eaae,Willkommen auf den Orangeninseln!,Welcome to the Orange Islands!,,Original,OrangeIslandsInfoStart
line:ad91c8,Trotz des Lebens im Schatten des Habichtsgipfels\nhat sich diese kleine Inselgruppe\nihren ganz eigenen Ruf erarbeitet!,"Despite living in the shadow of Hawk Peak,\nthis small cluster of islands has garnered\na unique reputation of its own!",,Original,OrangeIslandsInfoStart
line:bb9b11,"Kannst DU erraten, wie\ndiese Inseln zu ihrem Namen kamen?",Are YOU able to guess how\nthese islands got their name?,,Original,OrangeIslandsInfoStart
line:f38701,"ist doch klar, wegen der Farbe vom Gestein","it's the color of the rock, obviously",Dialogue choice.,Player,OrangeIslandsInfoStart
line:0dc4d3,"das ist nur'n Schild, ich lese einfach weiter",this is a sign and i'm just going to keep reading,Dialogue choice.,Player,OrangeIslandsInfoStart
line:86d45d,"Es wird dich wahrscheinlich überraschen, aber die\nInseln sind nach der Farbe\nihres GESTEINS benannt!","It will probably surprise you, but the\nislands are named after the\ncolor of their ROCK!",,Original,OrangeIslandsInfoStart
line:087069,Jetzt wird's aber HART!,Now THAT rocks!,,Original,OrangeIslandsInfoStart
line:cf91eb,"Seit Jahrhunderten sind Reisende geblendet\nvon den Strömen aus Rot und Orange,\ndie durch diese Klippen fließen.","For centuries, travelers have been dazzled\nby the streams of red and orange\nthat flow through these cliffs.",,Original,OrangeIslandsInfoStart
line:7f8e07,"Doch was verleiht diesen Steinen\nihre lebendigen Farben, fragst du dich?","But what gives these stones\ntheir vibrant colors, you ask?",,Original,OrangeIslandsInfoStart
line:a6a118,"Nun, das ist schlicht Eisenoxid,\ndas du hier siehst!","Well, that's simply iron\noxide you're seeing!",,Original,OrangeIslandsInfoStart
line:0755b8,Jetzt weißt du's! Du hast heute\ntatsächlich etwas Neues gelernt!,Now you know! You've actually\nlearned something new today!,,Original,OrangeIslandsInfoStart
line:e96bd9,...,...,,Player,OrangeIslandsInfoStart
line:0eaeb5,ich fühl mich,i feel,,Player,OrangeIslandsInfoStart
line:fdca08,irgendwie von oben herab behandelt,patronized somehow,,Player,OrangeIslandsInfoStart
IBoatKey,Bootsschlüssel,Motorboat Key,,,
ISBoatKey,Bootsschlüssel,Motorboat Keys,,,
IDBoatKey,"Der Schlüssel fürs Motorboot.
Er gehört mir für den Rest des Tages!","The key to the motorboat.
It's mine for the rest of the day!",,,
IBoatManual,Bootshandbuch,Boating Manual,,,
ISBoatManual,Bootshandbücher,Boating Manuals,,,
IDBoatManual,"Das provinzielle Handbuch für Bootssicherheit
und -betrieb. Ist ziemlich lang...","The provincial motorboating safety and
operations guide. It's kinda long...",,,
line:4308a7,da steht...,it says...,"The riddle refers to this: The player must stand atop a cliff (in the rainy area of the map) and look through a tower viewer. If you look through a stone arch, you'll see the spot where you're supposed to dig.",Original,TMap1
line:8e7e8b,Oben auf der stürmischen Klippe\nHalte inne für den Ausblick,Upon a stormy clifftop\nOne should pause to see the view,,Original,TMap1
line:458ec8,Schau durch ein erdiges Fenster\nGold verbirgt sich im Blau,Peer through an earthy window\nGold is hidden in the blue,,Original,TMap1
line:288113,"ich glaub, die hab ich schon gefunden!",i think i've already found this one!,,Player,TMap1
line:e93076,Stürmischer Blick,A Stormy View,Dialogue choice.,Player,TreasureMapsStart
saveData,speicherdaten,save data,,,
saveSlotOption,speicherplatz,save slot,,,
numberedSaveSlot,platz {0},slot {0},,,
autosave,automatisches speichern,autosave,,,
leftBumper,Linke Schultertaste,Left Bumper,There are in the controller config menu.,,
rightBumper,Rechte Schultertaste,Right Bumper,,,
customController,custom,custom,,,
dateFormat,dd.MM.yyyy HH:mm,M/d/yyyy H:mm,,,
menuItemsOrder,{0} {1},{0} {1},,,
returnToMenuToChangeSlot,"Du musst zum hauptmenü zurückkehren,
um den speicherplatz zu ändern.","You must return to the main menu
to change the save slot.",,,
line:aaaaa1,"<color=red>zieh den fisch zu dir</color>\nUND <color=red>tippe {{UseItemButton}}</color>, um ihn einzuholen!",<color=red>pull back</color> AND <color=red>tap {{UseItemButton}}</color> to reel it in!,,,
line:aaaaa2,"<color=red>zieh den fisch zu dir</color>\nUND <color=red>tippe {{UseItemButton}}</color>, um ihn einzuholen!",<color=red>pull back</color> AND <color=red>tap {{UseItemButton}}</color> to reel it in!,,,
fishingRodKeyboardDescription,"Drücke <color=red>{{UseItemButton}}</color> zum Auswerfen. Wenn der Schwimmer
untergeht, drücke <color=red>{{UseItemButton}}</color>, um ihn rauszuziehen!","Press <color=red>{{UseItemButton}}</color> to cast. When the bobber is pulled
underwater, press <color=red>{{UseItemButton}}</color> to pull it out!",,,
